event_timestamp,app_display_version,app_build_version,os_version,device_name,country,carrier,radio_type,custom_attributes.key,custom_attributes.value,event_type,event_name,parent_trace_name,trace_info.duration_us,trace_info.screen_info.slow_frame_ratio,trace_info.screen_info.frozen_frame_ratio,trace_info.metric_info.metric_value,network_info.response_code,network_info.response_mime_type,network_info.request_http_method,network_info.request_payload_bytes,network_info.response_payload_bytes,network_info.request_completed_time_us,network_info.response_initiated_time_us,network_info.response_completed_time_us
10/10/2024 15:13:20,1.0.0,1,34,Xiaomi Redmi Note 12S,CO,TIGO/Colombia Movil,WIFI,,,DURATION_TRACE,_app_in_foreground,,23181273,,,,,,,,,,,
10/10/2024 15:13:20,1.0.0,1,34,Xiaomi Redmi Note 12S,CO,TIGO/Colombia Movil,WIFI,,,SCREEN_TRACE,_st_MainActivity,,23175300,1,0,,,,,,,,,
11/10/2024 13:10:25,1.0.0,1,34,Xiaomi Redmi Note 12S,CO,TIGO/Colombia Movil,WIFI,,,DURATION_TRACE,_app_in_background,,289341880,,,,,,,,,,,
11/10/2024 13:28:55,1.0.0,1,34,Xiaomi Redmi Note 12S,CO,TIGO/Colombia Movil,WIFI,,,DURATION_TRACE,_app_in_background,,46596766,,,,,,,,,,,
11/10/2024 13:25:11,1.0.0,1,34,Xiaomi Redmi Note 12S,CO,TIGO/Colombia Movil,WIFI,,,DURATION_TRACE,_app_in_background,,58972643,,,,,,,,,,,
11/10/2024 13:32:53,1.0.0,1,34,Xiaomi Redmi Note 12S,CO,TIGO/Colombia Movil,WIFI,,,DURATION_TRACE,_app_in_background,,66529869,,,,,,,,,,,
11/10/2024 13:30:02,1.0.0,1,34,Xiaomi Redmi Note 12S,CO,TIGO/Colombia Movil,WIFI,,,DURATION_TRACE,_app_in_background,,162559398,,,,,,,,,,,
11/10/2024 13:04:28,1.0.0,1,34,Xiaomi Redmi Note 12S,CO,TIGO/Colombia Movil,WIFI,,,DURATION_TRACE,_app_in_foreground,,360217535,,,,,,,,,,,
11/10/2024 13:15:14,1.0.0,1,34,Xiaomi Redmi Note 12S,CO,TIGO/Colombia Movil,WIFI,,,DURATION_TRACE,_app_in_foreground,,1742198,,,,,,,,,,,
11/10/2024 13:34:00,1.0.0,1,34,Xiaomi Redmi Note 12S,CO,TIGO/Colombia Movil,WIFI,,,DURATION_TRACE,_app_in_foreground,,46408637,,,,,,,,,,,
11/10/2024 13:29:41,1.0.0,1,34,Xiaomi Redmi Note 12S,CO,TIGO/Colombia Movil,WIFI,,,DURATION_TRACE,_app_in_foreground,,20298449,,,,,,,,,,,
11/10/2024 13:26:10,1.0.0,1,34,Xiaomi Redmi Note 12S,CO,TIGO/Colombia Movil,WIFI,,,DURATION_TRACE,_app_in_foreground,,165490258,,,,,,,,,,,
11/10/2024 17:07:07,1.0.0,1,34,Xiaomi Redmi Note 12S,CO,TIGO/Colombia Movil,LTE,,,DURATION_TRACE,_app_in_foreground,,36319482,,,,,,,,,,,
11/10/2024 13:19:11,1.0.0,1,34,Xiaomi Redmi Note 12S,CO,TIGO/Colombia Movil,WIFI,,,DURATION_TRACE,_app_in_foreground,,359718890,,,,,,,,,,,
11/10/2024 13:32:44,1.0.0,1,34,Xiaomi Redmi Note 12S,CO,TIGO/Colombia Movil,WIFI,,,DURATION_TRACE,_app_in_foreground,,8877376,,,,,,,,,,,
11/10/2024 13:15:14,1.0.0,1,34,Xiaomi Redmi Note 12S,CO,TIGO/Colombia Movil,WIFI,,,SCREEN_TRACE,_st_MainActivity,,1754364,1,0,,,,,,,,,
11/10/2024 13:34:00,1.0.0,1,34,Xiaomi Redmi Note 12S,CO,TIGO/Colombia Movil,WIFI,,,SCREEN_TRACE,_st_MainActivity,,46411090,1,0,,,,,,,,,
11/10/2024 13:29:41,1.0.0,1,34,Xiaomi Redmi Note 12S,CO,TIGO/Colombia Movil,WIFI,,,SCREEN_TRACE,_st_MainActivity,,20300088,1,0,,,,,,,,,
11/10/2024 17:07:07,1.0.0,1,34,Xiaomi Redmi Note 12S,CO,TIGO/Colombia Movil,LTE,,,SCREEN_TRACE,_st_MainActivity,,36332630,1,0,,,,,,,,,
11/10/2024 13:32:44,1.0.0,1,34,Xiaomi Redmi Note 12S,CO,TIGO/Colombia Movil,WIFI,,,SCREEN_TRACE,_st_MainActivity,,8900068,1,0,,,,,,,,,
11/10/2024 13:19:11,1.0.0,1,34,Xiaomi Redmi Note 12S,CO,TIGO/Colombia Movil,WIFI,,,SCREEN_TRACE,_st_MainActivity,,359719139,0.3814589666,0,,,,,,,,,
11/10/2024 13:26:10,1.0.0,1,34,Xiaomi Redmi Note 12S,CO,TIGO/Colombia Movil,WIFI,,,SCREEN_TRACE,_st_MainActivity,,165492251,0.5806451613,0,,,,,,,,,
11/10/2024 13:04:28,1.0.0,1,34,Xiaomi Redmi Note 12S,CO,TIGO/Colombia Movil,WIFI,,,SCREEN_TRACE,_st_MainActivity,,360207400,0.4489346069,0,,,,,,,,,
11/10/2024 17:24:36,1.0.0,1,34,Xiaomi Redmi Note 12S,CO,TIGO/Colombia Movil,LTE,,,DURATION_TRACE,_app_in_foreground,,1655557,,,,,,,,,,,
11/10/2024 17:26:03,1.0.0,1,34,Xiaomi Redmi Note 12S,CO,TIGO/Colombia Movil,LTE,,,DURATION_TRACE,_app_in_foreground,,1894718,,,,,,,,,,,
11/10/2024 17:27:42,1.0.0,1,34,Xiaomi Redmi Note 12S,CO,TIGO/Colombia Movil,LTE,,,DURATION_TRACE,_app_in_foreground,,3201177,,,,,,,,,,,
11/10/2024 17:26:03,1.0.0,1,34,Xiaomi Redmi Note 12S,CO,TIGO/Colombia Movil,LTE,,,SCREEN_TRACE,_st_MainActivity,,1887626,1,0,,,,,,,,,
11/10/2024 17:24:36,1.0.0,1,34,Xiaomi Redmi Note 12S,CO,TIGO/Colombia Movil,LTE,,,SCREEN_TRACE,_st_MainActivity,,1652278,1,0,,,,,,,,,
11/10/2024 17:27:42,1.0.0,1,34,Xiaomi Redmi Note 12S,CO,TIGO/Colombia Movil,LTE,,,SCREEN_TRACE,_st_MainActivity,,3200434,1,0,,,,,,,,,
30/10/2024 1:56:14,1.0.0,1,34,Xiaomi Redmi Note 12S,CO,Comcel S.A. Occel S.A./Celcaribe,LTE,,,DURATION_TRACE,_app_in_background,,3155705,,,,,,,,,,,
30/10/2024 0:53:43,1.0.0,1,34,Xiaomi Redmi Note 12S,CO,Comcel S.A. Occel S.A./Celcaribe,LTE,,,DURATION_TRACE,_app_in_background,,369301002,,,,,,,,,,,
30/10/2024 1:59:20,1.0.0,1,34,Xiaomi Redmi Note 12S,CO,Comcel S.A. Occel S.A./Celcaribe,LTE,,,DURATION_TRACE,_app_in_background,,132052468,,,,,,,,,,,
30/10/2024 0:48:12,1.0.0,1,34,Xiaomi Redmi Note 12S,CO,Comcel S.A. Occel S.A./Celcaribe,LTE,,,DURATION_TRACE,_app_in_background,,58975074,,,,,,,,,,,
30/10/2024 1:19:09,1.0.0,1,34,Xiaomi Redmi Note 12S,CO,Comcel S.A. Occel S.A./Celcaribe,LTE,,,DURATION_TRACE,_app_in_background,,42261835,,,,,,,,,,,
29/10/2024 23:45:19,1.0.0,1,34,Xiaomi Redmi Note 12S,CO,Comcel S.A. Occel S.A./Celcaribe,LTE,,,DURATION_TRACE,_app_in_background,,20721321,,,,,,,,,,,
29/10/2024 23:23:27,1.0.0,1,34,Xiaomi Redmi Note 12S,CO,Comcel S.A. Occel S.A./Celcaribe,LTE,,,DURATION_TRACE,_app_in_background,,1136691264,,,,,,,,,,,
29/10/2024 22:36:01,1.0.0,1,34,Xiaomi Redmi Note 12S,CO,Comcel S.A. Occel S.A./Celcaribe,WIFI,,,DURATION_TRACE,_app_in_background,,8913757,,,,,,,,,,,
30/10/2024 0:13:20,1.0.0,1,34,Xiaomi Redmi Note 12S,CO,Comcel S.A. Occel S.A./Celcaribe,LTE,,,DURATION_TRACE,_app_in_background,,184337658,,,,,,,,,,,
29/10/2024 23:20:13,1.0.0,1,34,Xiaomi Redmi Note 12S,CO,Comcel S.A. Occel S.A./Celcaribe,LTE,,,DURATION_TRACE,_app_in_background,,53827941,,,,,,,,,,,
30/10/2024 0:45:06,1.0.0,1,34,Xiaomi Redmi Note 12S,CO,Comcel S.A. Occel S.A./Celcaribe,LTE,,,DURATION_TRACE,_app_in_background,,73498332,,,,,,,,,,,
30/10/2024 1:05:54,1.0.0,1,34,Xiaomi Redmi Note 12S,CO,Comcel S.A. Occel S.A./Celcaribe,LTE,,,DURATION_TRACE,_app_in_background,,787043817,,,,,,,,,,,
29/10/2024 23:19:02,1.0.0,1,34,Xiaomi Redmi Note 12S,CO,Comcel S.A. Occel S.A./Celcaribe,LTE,,,DURATION_TRACE,_app_in_background,,46052566,,,,,,,,,,,
30/10/2024 0:19:20,1.0.0,1,34,Xiaomi Redmi Note 12S,CO,Comcel S.A. Occel S.A./Celcaribe,LTE,,,DURATION_TRACE,_app_in_background,,391338694,,,,,,,,,,,
30/10/2024 0:50:30,1.0.0,1,34,Xiaomi Redmi Note 12S,CO,Comcel S.A. Occel S.A./Celcaribe,LTE,,,DURATION_TRACE,_app_in_background,,116002308,,,,,,,,,,,
30/10/2024 0:00:33,1.0.0,1,34,Xiaomi Redmi Note 12S,CO,Comcel S.A. Occel S.A./Celcaribe,LTE,,,DURATION_TRACE,_app_in_background,,236020465,,,,,,,,,,,
30/10/2024 1:49:54,1.0.0,1,34,Xiaomi Redmi Note 12S,CO,Comcel S.A. Occel S.A./Celcaribe,LTE,,,DURATION_TRACE,_app_in_foreground,,380217133,,,,,,,,,,,
30/10/2024 0:43:54,1.0.0,1,34,Xiaomi Redmi Note 12S,CO,Comcel S.A. Occel S.A./Celcaribe,LTE,,,DURATION_TRACE,_app_in_foreground,,71981227,,,,,,,,,,,
30/10/2024 0:16:25,1.0.0,1,34,Xiaomi Redmi Note 12S,CO,Comcel S.A. Occel S.A./Celcaribe,LTE,,,DURATION_TRACE,_app_in_foreground,,174918745,,,,,,,,,,,
29/10/2024 23:44:19,1.0.0,1,34,Xiaomi Redmi Note 12S,CO,Comcel S.A. Occel S.A./Celcaribe,LTE,,,DURATION_TRACE,_app_in_foreground,,59939435,,,,,,,,,,,
30/10/2024 2:01:32,1.0.0,1,34,Xiaomi Redmi Note 12S,CO,Comcel S.A. Occel S.A./Celcaribe,LTE,,,DURATION_TRACE,_app_in_foreground,,4820214,,,,,,,,,,,
30/10/2024 1:19:51,1.0.0,1,34,Xiaomi Redmi Note 12S,CO,Comcel S.A. Occel S.A./Celcaribe,LTE,,,DURATION_TRACE,_app_in_foreground,,2017591,,,,,,,,,,,
30/10/2024 0:49:11,1.0.0,1,34,Xiaomi Redmi Note 12S,CO,Comcel S.A. Occel S.A./Celcaribe,LTE,,,DURATION_TRACE,_app_in_foreground,,78945220,,,,,,,,,,,
29/10/2024 23:45:40,1.0.0,1,34,Xiaomi Redmi Note 12S,CO,Comcel S.A. Occel S.A./Celcaribe,LTE,,,DURATION_TRACE,_app_in_foreground,,212566113,,,,,,,,,,,
29/10/2024 23:17:33,1.0.0,1,34,Xiaomi Redmi Note 12S,CO,Comcel S.A. Occel S.A./Celcaribe,LTE,,,DURATION_TRACE,_app_in_foreground,,88745008,,,,,,,,,,,
29/10/2024 22:34:46,1.0.0,1,34,Xiaomi Redmi Note 12S,CO,Comcel S.A. Occel S.A./Celcaribe,WIFI,,,DURATION_TRACE,_app_in_foreground,,75017394,,,,,,,,,,,
29/10/2024 22:36:10,1.0.0,1,34,Xiaomi Redmi Note 12S,CO,Comcel S.A. Occel S.A./Celcaribe,WIFI,,,DURATION_TRACE,_app_in_foreground,,1370425,,,,,,,,,,,
29/10/2024 23:21:07,1.0.0,1,34,Xiaomi Redmi Note 12S,CO,Comcel S.A. Occel S.A./Celcaribe,LTE,,,DURATION_TRACE,_app_in_foreground,,1504015,,,,,,,,,,,
29/10/2024 23:21:59,1.0.0,1,34,Xiaomi Redmi Note 12S,CO,Comcel S.A. Occel S.A./Celcaribe,LTE,,,DURATION_TRACE,_app_in_foreground,,86928301,,,,,,,,,,,
29/10/2024 21:11:44,1.0.0,1,34,Xiaomi Redmi Note 12S,CO,Comcel S.A. Occel S.A./Celcaribe,WIFI,,,DURATION_TRACE,_app_in_foreground,,61300008,,,,,,,,,,,
30/10/2024 1:19:01,1.0.0,1,34,Xiaomi Redmi Note 12S,CO,Comcel S.A. Occel S.A./Celcaribe,LTE,,,DURATION_TRACE,_app_in_foreground,,7647469,,,,,,,,,,,
29/10/2024 23:19:48,1.0.0,1,34,Xiaomi Redmi Note 12S,CO,Comcel S.A. Occel S.A./Celcaribe,LTE,,,DURATION_TRACE,_app_in_foreground,,24769479,,,,,,,,,,,
30/10/2024 0:04:29,1.0.0,1,34,Xiaomi Redmi Note 12S,CO,Comcel S.A. Occel S.A./Celcaribe,LTE,,,DURATION_TRACE,_app_in_foreground,,530989529,,,,,,,,,,,
30/10/2024 0:25:51,1.0.0,1,34,Xiaomi Redmi Note 12S,CO,Comcel S.A. Occel S.A./Celcaribe,LTE,,,DURATION_TRACE,_app_in_foreground,,2063155,,,,,,,,,,,
30/10/2024 0:46:20,1.0.0,1,34,Xiaomi Redmi Note 12S,CO,Comcel S.A. Occel S.A./Celcaribe,LTE,,,DURATION_TRACE,_app_in_foreground,,112332417,,,,,,,,,,,
29/10/2024 22:33:39,1.0.0,1,34,Xiaomi Redmi Note 12S,CO,Comcel S.A. Occel S.A./Celcaribe,WIFI,,,DURATION_TRACE,_app_in_foreground,,3646557,,,,,,,,,,,
30/10/2024 1:56:17,1.0.0,1,34,Xiaomi Redmi Note 12S,CO,Comcel S.A. Occel S.A./Celcaribe,LTE,,,DURATION_TRACE,_app_in_foreground,,182266230,,,,,,,,,,,
30/10/2024 1:00:43,1.0.0,1,34,Xiaomi Redmi Note 12S,CO,Comcel S.A. Occel S.A./Celcaribe,LTE,,,DURATION_TRACE,_app_in_foreground,,311044601,,,,,,,,,,,
29/10/2024 23:49:56,1.0.0,1,34,Xiaomi Redmi Note 12S,CO,Comcel S.A. Occel S.A./Celcaribe,LTE,,,DURATION_TRACE,_app_in_foreground,,637264076,,,,,,,,,,,
30/10/2024 0:52:26,1.0.0,1,34,Xiaomi Redmi Note 12S,CO,Comcel S.A. Occel S.A./Celcaribe,LTE,,,DURATION_TRACE,_app_in_foreground,,77189642,,,,,,,,,,,
29/10/2024 22:37:06,1.0.0,1,34,Xiaomi Redmi Note 12S,CO,Comcel S.A. Occel S.A./Celcaribe,WIFI,,,DURATION_TRACE,_app_in_foreground,,61784482,,,,,,,,,,,
30/10/2024 2:01:32,1.0.0,1,34,Xiaomi Redmi Note 12S,CO,Comcel S.A. Occel S.A./Celcaribe,LTE,,,SCREEN_TRACE,_st_MainActivity,,4837409,1,0,,,,,,,,,
29/10/2024 23:42:21,1.0.0,1,34,Xiaomi Redmi Note 12S,CO,Comcel S.A. Occel S.A./Celcaribe,LTE,,,SCREEN_TRACE,_st_MainActivity,,4053259,1,0,,,,,,,,,
29/10/2024 22:36:10,1.0.0,1,34,Xiaomi Redmi Note 12S,CO,Comcel S.A. Occel S.A./Celcaribe,WIFI,,,SCREEN_TRACE,_st_MainActivity,,1376450,1,0,,,,,,,,,
29/10/2024 23:21:07,1.0.0,1,34,Xiaomi Redmi Note 12S,CO,Comcel S.A. Occel S.A./Celcaribe,LTE,,,SCREEN_TRACE,_st_MainActivity,,1600858,1,0,,,,,,,,,
30/10/2024 1:19:01,1.0.0,1,34,Xiaomi Redmi Note 12S,CO,Comcel S.A. Occel S.A./Celcaribe,LTE,,,SCREEN_TRACE,_st_MainActivity,,7649930,1,0,,,,,,,,,
30/10/2024 0:25:51,1.0.0,1,34,Xiaomi Redmi Note 12S,CO,Comcel S.A. Occel S.A./Celcaribe,LTE,,,SCREEN_TRACE,_st_MainActivity,,2080218,1,0,,,,,,,,,
29/10/2024 22:33:39,1.0.0,1,34,Xiaomi Redmi Note 12S,CO,Comcel S.A. Occel S.A./Celcaribe,WIFI,,,SCREEN_TRACE,_st_MainActivity,,3634990,1,0,,,,,,,,,
30/10/2024 0:49:11,1.0.0,1,34,Xiaomi Redmi Note 12S,CO,Comcel S.A. Occel S.A./Celcaribe,LTE,,,SCREEN_TRACE,_st_MainActivity,,78952269,1,0,,,,,,,,,
30/10/2024 1:49:54,1.0.0,1,34,Xiaomi Redmi Note 12S,CO,Comcel S.A. Occel S.A./Celcaribe,LTE,,,SCREEN_TRACE,_st_SignInHubActivity,,1119893,1,0,,,,,,,,,
30/10/2024 1:54:27,1.0.0,1,34,Xiaomi Redmi Note 12S,CO,Comcel S.A. Occel S.A./Celcaribe,LTE,,,SCREEN_TRACE,_st_SignInHubActivity,,430980,1,0,,,,,,,,,
30/10/2024 0:11:37,1.0.0,1,34,Xiaomi Redmi Note 12S,CO,Comcel S.A. Occel S.A./Celcaribe,LTE,,,SCREEN_TRACE,_st_SignInHubActivity,,471417,1,0,,,,,,,,,
30/10/2024 1:57:09,1.0.0,1,34,Xiaomi Redmi Note 12S,CO,Comcel S.A. Occel S.A./Celcaribe,LTE,,,SCREEN_TRACE,_st_SignInHubActivity,,552038,1,0,,,,,,,,,
30/10/2024 1:00:43,1.0.0,1,34,Xiaomi Redmi Note 12S,CO,Comcel S.A. Occel S.A./Celcaribe,LTE,,,SCREEN_TRACE,_st_SignInHubActivity,,493839,1,0,,,,,,,,,
30/10/2024 0:06:24,1.0.0,1,34,Xiaomi Redmi Note 12S,CO,Comcel S.A. Occel S.A./Celcaribe,LTE,,,SCREEN_TRACE,_st_SignInHubActivity,,437751,1,0,,,,,,,,,
29/10/2024 23:44:19,1.0.0,1,34,Xiaomi Redmi Note 12S,CO,Comcel S.A. Occel S.A./Celcaribe,LTE,,,SCREEN_TRACE,_st_SignInHubActivity,,951613,1,0,,,,,,,,,
29/10/2024 23:49:56,1.0.0,1,34,Xiaomi Redmi Note 12S,CO,Comcel S.A. Occel S.A./Celcaribe,LTE,,,SCREEN_TRACE,_st_SignInHubActivity,,465580,1,0,,,,,,,,,
29/10/2024 23:55:23,1.0.0,1,34,Xiaomi Redmi Note 12S,CO,Comcel S.A. Occel S.A./Celcaribe,LTE,,,SCREEN_TRACE,_st_SignInHubActivity,,398214,1,0,,,,,,,,,
29/10/2024 23:53:52,1.0.0,1,34,Xiaomi Redmi Note 12S,CO,Comcel S.A. Occel S.A./Celcaribe,LTE,,,SCREEN_TRACE,_st_SignInHubActivity,,523820,1,0,,,,,,,,,
29/10/2024 22:37:05,1.0.0,1,34,Xiaomi Redmi Note 12S,CO,Comcel S.A. Occel S.A./Celcaribe,WIFI,,,SCREEN_TRACE,_st_SignInHubActivity,,2442442,1,0,,,,,,,,,
30/10/2024 0:16:31,1.0.0,1,34,Xiaomi Redmi Note 12S,CO,Comcel S.A. Occel S.A./Celcaribe,LTE,,,SCREEN_TRACE,_st_SignInHubActivity,,494535,1,0,,,,,,,,,
29/10/2024 23:22:00,1.0.0,1,34,Xiaomi Redmi Note 12S,CO,Comcel S.A. Occel S.A./Celcaribe,LTE,,,SCREEN_TRACE,_st_SignInHubActivity,,615381,1,0,,,,,,,,,
30/10/2024 1:02:42,1.0.0,1,34,Xiaomi Redmi Note 12S,CO,Comcel S.A. Occel S.A./Celcaribe,LTE,,,SCREEN_TRACE,_st_SignInHubActivity,,522349,1,0,,,,,,,,,
30/10/2024 0:46:27,1.0.0,1,34,Xiaomi Redmi Note 12S,CO,Comcel S.A. Occel S.A./Celcaribe,LTE,,,SCREEN_TRACE,_st_SignInHubActivity,,1136781,1,0,,,,,,,,,
30/10/2024 1:58:10,1.0.0,1,34,Xiaomi Redmi Note 12S,CO,Comcel S.A. Occel S.A./Celcaribe,LTE,,,SCREEN_TRACE,_st_SignInHubActivity,,484710,1,0,,,,,,,,,
29/10/2024 23:19:59,1.0.0,1,34,Xiaomi Redmi Note 12S,CO,Comcel S.A. Occel S.A./Celcaribe,LTE,,,SCREEN_TRACE,_st_SignInHubActivity,,485062,1,0,,,,,,,,,
30/10/2024 1:52:59,1.0.0,1,34,Xiaomi Redmi Note 12S,CO,Comcel S.A. Occel S.A./Celcaribe,LTE,,,SCREEN_TRACE,_st_SignInHubActivity,,540316,1,0,,,,,,,,,
29/10/2024 22:34:46,1.0.0,1,34,Xiaomi Redmi Note 12S,CO,Comcel S.A. Occel S.A./Celcaribe,WIFI,,,SCREEN_TRACE,_st_SignInHubActivity,,997513,1,0,,,,,,,,,
30/10/2024 0:07:10,1.0.0,1,34,Xiaomi Redmi Note 12S,CO,Comcel S.A. Occel S.A./Celcaribe,LTE,,,SCREEN_TRACE,_st_SignInHubActivity,,499033,1,0,,,,,,,,,
29/10/2024 23:45:50,1.0.0,1,34,Xiaomi Redmi Note 12S,CO,Comcel S.A. Occel S.A./Celcaribe,LTE,,,SCREEN_TRACE,_st_SignInHubActivity,,549518,1,0,,,,,,,,,
30/10/2024 0:52:33,1.0.0,1,34,Xiaomi Redmi Note 12S,CO,Comcel S.A. Occel S.A./Celcaribe,LTE,,,SCREEN_TRACE,_st_SignInHubActivity,,500222,1,0,,,,,,,,,
30/10/2024 1:55:14,1.0.0,1,34,Xiaomi Redmi Note 12S,CO,Comcel S.A. Occel S.A./Celcaribe,LTE,,,SCREEN_TRACE,_st_SignInHubActivity,,445920,1,0,,,,,,,,,
30/10/2024 1:01:22,1.0.0,1,34,Xiaomi Redmi Note 12S,CO,Comcel S.A. Occel S.A./Celcaribe,LTE,,,SCREEN_TRACE,_st_SignInHubActivity,,832396,1,0,,,,,,,,,
29/10/2024 23:17:33,1.0.0,1,34,Xiaomi Redmi Note 12S,CO,Comcel S.A. Occel S.A./Celcaribe,LTE,,,SCREEN_TRACE,_st_SignInHubActivity,,3224382,1,0,,,,,,,,,
30/10/2024 0:43:54,1.0.0,1,34,Xiaomi Redmi Note 12S,CO,Comcel S.A. Occel S.A./Celcaribe,LTE,,,SCREEN_TRACE,_st_SignInHubActivity,,602063,1,0,,,,,,,,,
29/10/2024 23:45:40,1.0.0,1,34,Xiaomi Redmi Note 12S,CO,Comcel S.A. Occel S.A./Celcaribe,LTE,,,SCREEN_TRACE,_st_MainActivity,,212547888,0.3333333333,0,,,,,,,,,
30/10/2024 0:52:26,1.0.0,1,34,Xiaomi Redmi Note 12S,CO,Comcel S.A. Occel S.A./Celcaribe,LTE,,,SCREEN_TRACE,_st_MainActivity,,77193076,0.3333333333,0,,,,,,,,,
30/10/2024 0:16:24,1.0.0,1,34,Xiaomi Redmi Note 12S,CO,Comcel S.A. Occel S.A./Celcaribe,LTE,,,SCREEN_TRACE,_st_MainActivity,,175229809,0.6666666667,0,,,,,,,,,
29/10/2024 23:19:48,1.0.0,1,34,Xiaomi Redmi Note 12S,CO,Comcel S.A. Occel S.A./Celcaribe,LTE,,,SCREEN_TRACE,_st_MainActivity,,24824390,0.6666666667,0,,,,,,,,,
30/10/2024 0:46:20,1.0.0,1,34,Xiaomi Redmi Note 12S,CO,Comcel S.A. Occel S.A./Celcaribe,LTE,,,SCREEN_TRACE,_st_MainActivity,,112334751,0.6666666667,0,,,,,,,,,
29/10/2024 21:11:44,1.0.0,1,34,Xiaomi Redmi Note 12S,CO,Comcel S.A. Occel S.A./Celcaribe,WIFI,,,SCREEN_TRACE,_st_MainActivity,,61411929,0.3012048193,0,,,,,,,,,
30/10/2024 0:04:29,1.0.0,1,34,Xiaomi Redmi Note 12S,CO,Comcel S.A. Occel S.A./Celcaribe,LTE,,,SCREEN_TRACE,_st_MainActivity,,530990465,0.2,0,,,,,,,,,
30/10/2024 1:56:17,1.0.0,1,34,Xiaomi Redmi Note 12S,CO,Comcel S.A. Occel S.A./Celcaribe,LTE,,,SCREEN_TRACE,_st_MainActivity,,182274899,0.2,0,,,,,,,,,
31/10/2024 0:17:00,1.0.0,1,35,Google sdk_gphone64_x86_64,CO,T-Mobile,WIFI,,,DURATION_TRACE,_app_in_background,,5394191,,,,,,,,,,,
31/10/2024 0:16:50,1.0.0,1,35,Google sdk_gphone64_x86_64,CO,T-Mobile,WIFI,,,DURATION_TRACE,_app_in_foreground,,9684555,,,,,,,,,,,
31/10/2024 0:16:50,1.0.0,1,35,Google sdk_gphone64_x86_64,CO,T-Mobile,WIFI,,,SCREEN_TRACE,_st_SignInHubActivity,,9671719,1,0,,,,,,,,,
31/10/2024 0:17:05,1.0.0,1,35,Google sdk_gphone64_x86_64,CO,T-Mobile,WIFI,,,SCREEN_TRACE,_st_SignInHubActivity,,745089,1,0,,,,,,,,,
30/10/2024 13:23:25,1.0.0,1,34,Xiaomi Redmi Note 12S,CO,Comcel S.A. Occel S.A./Celcaribe,WIFI,,,SCREEN_TRACE,_st_MainActivity,,9580599,1,0,,,,,,,,,
30/10/2024 13:01:24,1.0.0,1,34,Xiaomi Redmi Note 12S,CO,Comcel S.A. Occel S.A./Celcaribe,WIFI,,,SCREEN_TRACE,_st_MainActivity,,175042340,1,0,,,,,,,,,
30/10/2024 13:28:12,1.0.0,1,34,Xiaomi Redmi Note 12S,CO,Comcel S.A. Occel S.A./Celcaribe,WIFI,,,SCREEN_TRACE,_st_MainActivity,,3101299,1,0,,,,,,,,,
30/10/2024 13:01:24,1.0.0,1,34,Xiaomi Redmi Note 12S,CO,Comcel S.A. Occel S.A./Celcaribe,WIFI,,,SCREEN_TRACE,_st_MainActivity,,175042340,1,0,,,,,,,,,
30/10/2024 12:57:19,1.0.0,1,34,Xiaomi Redmi Note 12S,CO,Comcel S.A. Occel S.A./Celcaribe,WIFI,,,SCREEN_TRACE,_st_MainActivity,,96733739,1,0,,,,,,,,,
30/10/2024 12:45:46,1.0.0,1,34,Xiaomi Redmi Note 12S,CO,Comcel S.A. Occel S.A./Celcaribe,WIFI,,,SCREEN_TRACE,_st_MainActivity,,585931276,0.4285714286,0,,,,,,,,,
30/10/2024 12:59:03,1.0.0,1,34,Xiaomi Redmi Note 12S,CO,Comcel S.A. Occel S.A./Celcaribe,WIFI,,,SCREEN_TRACE,_st_MainActivity,,65605315,1,0,,,,,,,,,
30/10/2024 13:22:43,1.0.0,1,34,Xiaomi Redmi Note 12S,CO,Comcel S.A. Occel S.A./Celcaribe,WIFI,,,DURATION_TRACE,_app_in_background,,41524132,,,,,,,,,,,
30/10/2024 13:23:34,1.0.0,1,34,Xiaomi Redmi Note 12S,CO,Comcel S.A. Occel S.A./Celcaribe,WIFI,,,DURATION_TRACE,_app_in_background,,277940160,,,,,,,,,,,
30/10/2024 12:58:56,1.0.0,1,34,Xiaomi Redmi Note 12S,CO,Comcel S.A. Occel S.A./Celcaribe,WIFI,,,DURATION_TRACE,_app_in_background,,7220364,,,,,,,,,,,
30/10/2024 13:00:08,1.0.0,1,34,Xiaomi Redmi Note 12S,CO,Comcel S.A. Occel S.A./Celcaribe,WIFI,,,DURATION_TRACE,_app_in_background,,75391437,,,,,,,,,,,
30/10/2024 12:55:32,1.0.0,1,34,Xiaomi Redmi Note 12S,CO,Comcel S.A. Occel S.A./Celcaribe,WIFI,,,DURATION_TRACE,_app_in_background,,107132545,,,,,,,,,,,
30/10/2024 12:44:18,1.0.0,1,34,Xiaomi Redmi Note 12S,CO,Comcel S.A. Occel S.A./Celcaribe,WIFI,,,DURATION_TRACE,_app_in_background,,88102788,,,,,,,,,,,
30/10/2024 13:23:25,1.0.0,1,34,Xiaomi Redmi Note 12S,CO,Comcel S.A. Occel S.A./Celcaribe,WIFI,,,DURATION_TRACE,_app_in_foreground,,9514206,,,,,,,,,,,
30/10/2024 13:21:01,1.0.0,1,34,Xiaomi Redmi Note 12S,CO,Comcel S.A. Occel S.A./Celcaribe,WIFI,,,DURATION_TRACE,_app_in_foreground,,102744971,,,,,,,,,,,
30/10/2024 12:43:18,1.0.0,1,34,Xiaomi Redmi Note 12S,CO,Comcel S.A. Occel S.A./Celcaribe,WIFI,,,DURATION_TRACE,_app_in_foreground,,60028558,,,,,,,,,,,
30/10/2024 13:01:24,1.0.0,1,34,Xiaomi Redmi Note 12S,CO,Comcel S.A. Occel S.A./Celcaribe,WIFI,,,DURATION_TRACE,_app_in_foreground,,175035094,,,,,,,,,,,
30/10/2024 13:28:12,1.0.0,1,34,Xiaomi Redmi Note 12S,CO,Comcel S.A. Occel S.A./Celcaribe,WIFI,,,DURATION_TRACE,_app_in_foreground,,3097799,,,,,,,,,,,
30/10/2024 13:01:24,1.0.0,1,34,Xiaomi Redmi Note 12S,CO,Comcel S.A. Occel S.A./Celcaribe,WIFI,,,DURATION_TRACE,_app_in_foreground,,175035094,,,,,,,,,,,
30/10/2024 12:57:19,1.0.0,1,34,Xiaomi Redmi Note 12S,CO,Comcel S.A. Occel S.A./Celcaribe,WIFI,,,DURATION_TRACE,_app_in_foreground,,96738438,,,,,,,,,,,
30/10/2024 12:45:46,1.0.0,1,34,Xiaomi Redmi Note 12S,CO,Comcel S.A. Occel S.A./Celcaribe,WIFI,,,DURATION_TRACE,_app_in_foreground,,585897543,,,,,,,,,,,
30/10/2024 12:59:03,1.0.0,1,34,Xiaomi Redmi Note 12S,CO,Comcel S.A. Occel S.A./Celcaribe,WIFI,,,DURATION_TRACE,_app_in_foreground,,65599409,,,,,,,,,,,
30/10/2024 12:49:59,1.0.0,1,34,Xiaomi Redmi Note 12S,CO,Comcel S.A. Occel S.A./Celcaribe,WIFI,,,SCREEN_TRACE,_st_SignInHubActivity,,416505,1,0,,,,,,,,,
30/10/2024 12:51:54,1.0.0,1,34,Xiaomi Redmi Note 12S,CO,Comcel S.A. Occel S.A./Celcaribe,WIFI,,,SCREEN_TRACE,_st_SignInHubActivity,,474741,1,0,,,,,,,,,
30/10/2024 12:43:18,1.0.0,1,34,Xiaomi Redmi Note 12S,CO,Comcel S.A. Occel S.A./Celcaribe,WIFI,,,SCREEN_TRACE,_st_SignInHubActivity,,1045277,1,0,,,,,,,,,
30/10/2024 13:04:37,1.0.0,1,34,Xiaomi Redmi Note 12S,CO,Comcel S.A. Occel S.A./Celcaribe,WIFI,,,SCREEN_TRACE,_st_SignInHubActivity,,458948,1,0,,,,,,,,,
30/10/2024 13:04:37,1.0.0,1,34,Xiaomi Redmi Note 12S,CO,Comcel S.A. Occel S.A./Celcaribe,WIFI,,,SCREEN_TRACE,_st_SignInHubActivity,,458948,1,0,,,,,,,,,
30/10/2024 13:20:36,1.0.0,1,34,Xiaomi Redmi Note 12S,CO,Comcel S.A. Occel S.A./Celcaribe,WIFI,,,SCREEN_TRACE,_st_SignInHubActivity,,616621,1,0,,,,,,,,,
30/10/2024 13:21:01,1.0.0,1,34,Xiaomi Redmi Note 12S,CO,Comcel S.A. Occel S.A./Celcaribe,WIFI,,,SCREEN_TRACE,_st_SignInHubActivity,,389869,1,0,,,,,,,,,
30/10/2024 12:48:46,1.0.0,1,34,Xiaomi Redmi Note 12S,CO,Comcel S.A. Occel S.A./Celcaribe,WIFI,,,SCREEN_TRACE,_st_SignInHubActivity,,427637,1,0,,,,,,,,,
31/10/2024 21:59:12,1.0.0,1,31,Motorola moto g22,CO,[MISSING],WIFI,,,DURATION_TRACE,_app_in_background,,2526748840,,,,,,,,,,,
1/11/2024 0:54:00,1.0.0,1,31,Motorola moto g22,CO,[MISSING],WIFI,,,DURATION_TRACE,_app_in_background,,168582200,,,,,,,,,,,
1/11/2024 3:47:14,1.0.0,1,31,Motorola moto g22,CO,[MISSING],WIFI,,,DURATION_TRACE,_app_in_background,,156765031,,,,,,,,,,,
1/11/2024 3:33:01,1.0.0,1,31,Motorola moto g22,CO,[MISSING],WIFI,,,DURATION_TRACE,_app_in_background,,188125743,,,,,,,,,,,
1/11/2024 4:21:00,1.0.0,1,31,Motorola moto g22,CO,[MISSING],WIFI,,,DURATION_TRACE,_app_in_background,,87162785,,,,,,,,,,,
1/11/2024 3:22:40,1.0.0,1,31,Motorola moto g22,CO,[MISSING],WIFI,,,DURATION_TRACE,_app_in_background,,562836918,,,,,,,,,,,
31/10/2024 23:49:36,1.0.0,1,31,Motorola moto g22,CO,[MISSING],WIFI,,,DURATION_TRACE,_app_in_background,,64581096,,,,,,,,,,,
31/10/2024 17:49:23,1.0.0,1,31,Motorola moto g22,CO,[MISSING],WIFI,,,DURATION_TRACE,_app_in_background,,99594479,,,,,,,,,,,
31/10/2024 23:35:05,1.0.0,1,31,Motorola moto g22,CO,[MISSING],WIFI,,,DURATION_TRACE,_app_in_background,,685173673,,,,,,,,,,,
1/11/2024 0:57:58,1.0.0,1,31,Motorola moto g22,CO,[MISSING],WIFI,,,DURATION_TRACE,_app_in_background,,4021709658,,,,,,,,,,,
1/11/2024 0:15:17,1.0.0,1,31,Motorola moto g22,CO,[MISSING],WIFI,,,DURATION_TRACE,_app_in_background,,964134640,,,,,,,,,,,
1/11/2024 3:51:27,1.0.0,1,31,Motorola moto g22,CO,[MISSING],WIFI,,,DURATION_TRACE,_app_in_background,,1464333859,,,,,,,,,,,
31/10/2024 16:30:07,1.0.0,1,31,Motorola moto g22,CO,[MISSING],WIFI,,,DURATION_TRACE,_app_in_background,,806739,,,,,,,,,,,
1/11/2024 3:38:10,1.0.0,1,31,Motorola moto g22,CO,[MISSING],WIFI,,,DURATION_TRACE,_app_in_background,,198915096,,,,,,,,,,,
1/11/2024 0:46:08,1.0.0,1,31,Motorola moto g22,CO,[MISSING],WIFI,,,DURATION_TRACE,_app_in_background,,235512363,,,,,,,,,,,
1/11/2024 0:35:27,1.0.0,1,31,Motorola moto g22,CO,[MISSING],[MISSING],,,DURATION_TRACE,_app_in_background,,145749916,,,,,,,,,,,
1/11/2024 3:15:13,1.0.0,1,31,Motorola moto g22,CO,[MISSING],WIFI,,,DURATION_TRACE,_app_in_background,,294670150,,,,,,,,,,,
31/10/2024 23:52:45,1.0.0,1,31,Motorola moto g22,CO,[MISSING],WIFI,,,DURATION_TRACE,_app_in_background,,78841411,,,,,,,,,,,
1/11/2024 4:17:39,1.0.0,1,31,Motorola moto g22,CO,[MISSING],WIFI,,,DURATION_TRACE,_app_in_background,,62195827,,,,,,,,,,,
31/10/2024 22:44:47,1.0.0,1,31,Motorola moto g22,CO,[MISSING],WIFI,,,DURATION_TRACE,_app_in_background,,2136643,,,,,,,,,,,
31/10/2024 22:46:58,1.0.0,1,31,Motorola moto g22,CO,[MISSING],WIFI,,,DURATION_TRACE,_app_in_background,,2790610492,,,,,,,,,,,
31/10/2024 16:26:33,1.0.0,1,31,Motorola moto g22,CO,[MISSING],WIFI,,,DURATION_TRACE,_app_in_background,,6403269,,,,,,,,,,,
1/11/2024 2:19:11,1.0.0,1,31,Motorola moto g22,CO,[MISSING],WIFI,,,DURATION_TRACE,_app_in_background,,3157196202,,,,,,,,,,,
31/10/2024 23:59:58,1.0.0,1,31,Motorola moto g22,CO,[MISSING],WIFI,,,DURATION_TRACE,_app_in_background,,175388199,,,,,,,,,,,
1/11/2024 4:26:08,1.0.0,1,31,Motorola moto g22,CO,[MISSING],WIFI,,,DURATION_TRACE,_app_in_background,,745128585,,,,,,,,,,,
31/10/2024 17:56:41,1.0.0,1,31,Motorola moto g22,CO,[MISSING],WIFI,,,DURATION_TRACE,_app_in_background,,12082471109,,,,,,,,,,,
31/10/2024 23:54:30,1.0.0,1,31,Motorola moto g22,CO,[MISSING],WIFI,,,DURATION_TRACE,_app_in_background,,58980467,,,,,,,,,,,
1/11/2024 3:43:52,1.0.0,1,31,Motorola moto g22,CO,[MISSING],WIFI,,,DURATION_TRACE,_app_in_background,,30459484,,,,,,,,,,,
31/10/2024 23:55:29,1.0.0,1,31,Motorola moto g22,CO,[MISSING],WIFI,,,DURATION_TRACE,_app_in_foreground,,269300819,,,,,,,,,,,
1/11/2024 3:36:10,1.0.0,1,31,Motorola moto g22,CO,[MISSING],WIFI,,,DURATION_TRACE,_app_in_foreground,,120783632,,,,,,,,,,,
31/10/2024 23:33:29,1.0.0,1,31,Motorola moto g22,CO,[MISSING],WIFI,,,DURATION_TRACE,_app_in_foreground,,96742889,,,,,,,,,,,
1/11/2024 4:18:42,1.0.0,1,31,Motorola moto g22,CO,[MISSING],WIFI,,,DURATION_TRACE,_app_in_foreground,,138296356,,,,,,,,,,,
1/11/2024 4:22:27,1.0.0,1,31,Motorola moto g22,CO,[MISSING],WIFI,,,DURATION_TRACE,_app_in_foreground,,221203131,,,,,,,,,,,
31/10/2024 21:56:55,1.0.0,1,31,Motorola moto g22,CO,[MISSING],WIFI,,,DURATION_TRACE,_app_in_foreground,,136452793,,,,,,,,,,,
1/11/2024 0:50:03,1.0.0,1,31,Motorola moto g22,CO,[MISSING],WIFI,,,DURATION_TRACE,_app_in_foreground,,236862115,,,,,,,,,,,
31/10/2024 17:45:23,1.0.0,1,31,Motorola moto g22,CO,[MISSING],WIFI,,,DURATION_TRACE,_app_in_foreground,,240525127,,,,,,,,,,,
1/11/2024 0:10:37,1.0.0,1,31,Motorola moto g22,CO,[MISSING],WIFI,,,DURATION_TRACE,_app_in_foreground,,280371651,,,,,,,,,,,
31/10/2024 16:30:07,1.0.0,1,31,Motorola moto g22,CO,[MISSING],WIFI,,,DURATION_TRACE,_app_in_foreground,,255134076,,,,,,,,,,,
31/10/2024 16:26:40,1.0.0,1,31,Motorola moto g22,CO,[MISSING],WIFI,,,DURATION_TRACE,_app_in_foreground,,206988600,,,,,,,,,,,
1/11/2024 0:37:53,1.0.0,1,31,Motorola moto g22,CO,[MISSING],WIFI,,,DURATION_TRACE,_app_in_foreground,,495131501,,,,,,,,,,,
1/11/2024 4:15:52,1.0.0,1,31,Motorola moto g22,CO,[MISSING],WIFI,,,DURATION_TRACE,_app_in_foreground,,107482949,,,,,,,,,,,
1/11/2024 0:56:48,1.0.0,1,31,Motorola moto g22,CO,[MISSING],WIFI,,,DURATION_TRACE,_app_in_foreground,,69348163,,,,,,,,,,,
1/11/2024 3:44:23,1.0.0,1,31,Motorola moto g22,CO,[MISSING],WIFI,,,DURATION_TRACE,_app_in_foreground,,171330151,,,,,,,,,,,
1/11/2024 2:05:00,1.0.0,1,31,Motorola moto g22,CO,[MISSING],WIFI,,,DURATION_TRACE,_app_in_foreground,,850960238,,,,,,,,,,,
31/10/2024 23:54:04,1.0.0,1,31,Motorola moto g22,CO,[MISSING],WIFI,,,DURATION_TRACE,_app_in_foreground,,25841779,,,,,,,,,,,
31/10/2024 22:41:19,1.0.0,1,31,Motorola moto g22,CO,[MISSING],WIFI,,,DURATION_TRACE,_app_in_foreground,,208255398,,,,,,,,,,,
31/10/2024 16:24:45,1.0.0,1,31,Motorola moto g22,CO,[MISSING],WIFI,,,DURATION_TRACE,_app_in_foreground,,108386322,,,,,,,,,,,
1/11/2024 3:11:48,1.0.0,1,31,Motorola moto g22,CO,[MISSING],WIFI,,,DURATION_TRACE,_app_in_foreground,,205563917,,,,,,,,,,,
1/11/2024 0:31:21,1.0.0,1,31,Motorola moto g22,CO,[MISSING],WIFI,,,DURATION_TRACE,_app_in_foreground,,245657173,,,,,,,,,,,
31/10/2024 17:51:02,1.0.0,1,31,Motorola moto g22,CO,[MISSING],WIFI,,,DURATION_TRACE,_app_in_foreground,,336987032,,,,,,,,,,,
31/10/2024 23:46:34,1.0.0,1,31,Motorola moto g22,CO,[MISSING],WIFI,,,DURATION_TRACE,_app_in_foreground,,185899429,,,,,,,,,,,
1/11/2024 3:49:51,1.0.0,1,31,Motorola moto g22,CO,[MISSING],WIFI,,,DURATION_TRACE,_app_in_foreground,,96549898,,,,,,,,,,,
1/11/2024 3:20:08,1.0.0,1,31,Motorola moto g22,CO,[MISSING],WIFI,,,DURATION_TRACE,_app_in_foreground,,151280287,,,,,,,,,,,
1/11/2024 4:38:33,1.0.0,1,31,Motorola moto g22,CO,[MISSING],WIFI,,,DURATION_TRACE,_app_in_foreground,,60358041,,,,,,,,,,,
31/10/2024 22:44:49,1.0.0,1,31,Motorola moto g22,CO,[MISSING],WIFI,,,DURATION_TRACE,_app_in_foreground,,128859560,,,,,,,,,,,
1/11/2024 3:41:29,1.0.0,1,31,Motorola moto g22,CO,[MISSING],WIFI,,,DURATION_TRACE,_app_in_foreground,,142847468,,,,,,,,,,,
1/11/2024 3:32:02,1.0.0,1,31,Motorola moto g22,CO,[MISSING],WIFI,,,DURATION_TRACE,_app_in_foreground,,59448910,,,,,,,,,,,
31/10/2024 23:50:41,1.0.0,1,31,Motorola moto g22,CO,[MISSING],WIFI,,,DURATION_TRACE,_app_in_foreground,,124364367,,,,,,,,,,,
31/10/2024 23:33:29,1.0.0,1,31,Motorola moto g22,CO,[MISSING],WIFI,,,SCREEN_TRACE,_st_MainActivity,,96755199,1,0,,,,,,,,,
31/10/2024 21:56:55,1.0.0,1,31,Motorola moto g22,CO,[MISSING],WIFI,,,SCREEN_TRACE,_st_MainActivity,,136457542,1,0.5,,,,,,,,,
1/11/2024 0:10:37,1.0.0,1,31,Motorola moto g22,CO,[MISSING],WIFI,,,SCREEN_TRACE,_st_MainActivity,,280361993,1,0.3333333333,,,,,,,,,
1/11/2024 0:56:48,1.0.0,1,31,Motorola moto g22,CO,[MISSING],WIFI,,,SCREEN_TRACE,_st_MainActivity,,69354482,1,0,,,,,,,,,
31/10/2024 23:54:04,1.0.0,1,31,Motorola moto g22,CO,[MISSING],WIFI,,,SCREEN_TRACE,_st_MainActivity,,22970796,1,0,,,,,,,,,
31/10/2024 16:24:45,1.0.0,1,31,Motorola moto g22,CO,[MISSING],WIFI,,,SCREEN_TRACE,_st_MainActivity,,106816232,1,0,,,,,,,,,
1/11/2024 4:38:33,1.0.0,1,31,Motorola moto g22,CO,[MISSING],WIFI,,,SCREEN_TRACE,_st_MainActivity,,60375261,1,0,,,,,,,,,
1/11/2024 3:32:02,1.0.0,1,31,Motorola moto g22,CO,[MISSING],WIFI,,,SCREEN_TRACE,_st_MainActivity,,59459827,1,0,,,,,,,,,
31/10/2024 21:57:03,1.0.0,1,31,Motorola moto g22,CO,[MISSING],WIFI,,,SCREEN_TRACE,_st_SignInHubActivity,,3732958,1,0,,,,,,,,,
1/11/2024 3:41:29,1.0.0,1,31,Motorola moto g22,CO,[MISSING],WIFI,,,SCREEN_TRACE,_st_MainActivity,,142856732,0.0775862069,0,,,,,,,,,
31/10/2024 22:41:19,1.0.0,1,31,Motorola moto g22,CO,[MISSING],WIFI,,,SCREEN_TRACE,_st_MainActivity,,208267591,0.06194690265,0.008849557522,,,,,,,,,
1/11/2024 3:36:10,1.0.0,1,31,Motorola moto g22,CO,[MISSING],WIFI,,,SCREEN_TRACE,_st_MainActivity,,120791117,0.1238095238,0.01904761905,,,,,,,,,
31/10/2024 23:50:41,1.0.0,1,31,Motorola moto g22,CO,[MISSING],WIFI,,,SCREEN_TRACE,_st_MainActivity,,124371305,0.3,0,,,,,,,,,
31/10/2024 16:26:40,1.0.0,1,31,Motorola moto g22,CO,[MISSING],WIFI,,,SCREEN_TRACE,_st_MainActivity,,206985880,0.2763975155,0,,,,,,,,,
31/10/2024 23:46:34,1.0.0,1,31,Motorola moto g22,CO,[MISSING],WIFI,,,SCREEN_TRACE,_st_MainActivity,,185905895,0.2861896839,0.001663893511,,,,,,,,,
1/11/2024 3:11:48,1.0.0,1,31,Motorola moto g22,CO,[MISSING],WIFI,,,SCREEN_TRACE,_st_MainActivity,,205599089,0.2986666667,0,,,,,,,,,
31/10/2024 16:30:07,1.0.0,1,31,Motorola moto g22,CO,[MISSING],WIFI,,,SCREEN_TRACE,_st_MainActivity,,255130215,0.2935323383,0,,,,,,,,,
1/11/2024 3:44:23,1.0.0,1,31,Motorola moto g22,CO,[MISSING],WIFI,,,SCREEN_TRACE,_st_MainActivity,,171342145,0.08695652174,0,,,,,,,,,
1/11/2024 2:05:00,1.0.0,1,31,Motorola moto g22,CO,[MISSING],WIFI,,,SCREEN_TRACE,_st_MainActivity,,850985534,0.1280276817,0.003460207612,,,,,,,,,
31/10/2024 17:45:23,1.0.0,1,31,Motorola moto g22,CO,[MISSING],WIFI,,,SCREEN_TRACE,_st_MainActivity,,240514404,0.2042253521,0,,,,,,,,,
1/11/2024 0:37:53,1.0.0,1,31,Motorola moto g22,CO,[MISSING],WIFI,,,SCREEN_TRACE,_st_MainActivity,,495137443,0.039408867,0,,,,,,,,,
1/11/2024 3:49:51,1.0.0,1,31,Motorola moto g22,CO,[MISSING],WIFI,,,SCREEN_TRACE,_st_MainActivity,,96564142,0.07142857143,0,,,,,,,,,
31/10/2024 22:44:49,1.0.0,1,31,Motorola moto g22,CO,[MISSING],WIFI,,,SCREEN_TRACE,_st_MainActivity,,128870583,0.4234234234,0,,,,,,,,,
1/11/2024 3:20:08,1.0.0,1,31,Motorola moto g22,CO,[MISSING],WIFI,,,SCREEN_TRACE,_st_MainActivity,,151293771,0.249070632,0,,,,,,,,,
1/11/2024 0:50:03,1.0.0,1,31,Motorola moto g22,CO,[MISSING],WIFI,,,SCREEN_TRACE,_st_MainActivity,,236881365,0.07317073171,0,,,,,,,,,
1/11/2024 0:31:21,1.0.0,1,31,Motorola moto g22,CO,[MISSING],WIFI,,,SCREEN_TRACE,_st_MainActivity,,245667391,0.2162162162,0.006756756757,,,,,,,,,
31/10/2024 17:51:02,1.0.0,1,31,Motorola moto g22,CO,[MISSING],WIFI,,,SCREEN_TRACE,_st_MainActivity,,336991362,0.1821705426,0,,,,,,,,,
1/11/2024 4:18:41,1.0.0,1,31,Motorola moto g22,CO,[MISSING],WIFI,,,SCREEN_TRACE,_st_MainActivity,,138310483,0.04580152672,0,,,,,,,,,
1/11/2024 4:22:27,1.0.0,1,31,Motorola moto g22,CO,[MISSING],WIFI,,,SCREEN_TRACE,_st_MainActivity,,221225984,0.2142857143,0,,,,,,,,,
1/11/2024 4:15:52,1.0.0,1,31,Motorola moto g22,CO,[MISSING],WIFI,,,SCREEN_TRACE,_st_MainActivity,,107505697,0.05737704918,0,,,,,,,,,
31/10/2024 23:55:29,1.0.0,1,31,Motorola moto g22,CO,[MISSING],WIFI,,,SCREEN_TRACE,_st_MainActivity,,269299550,0.05454545455,0,,,,,,,,,
2/11/2024 6:57:06,1.0.0,1,31,Motorola moto g22,CO,[MISSING],WIFI,,,SCREEN_TRACE,_st_MainActivity,,120638268,0.08849557522,0,,,,,,,,,
1/11/2024 23:19:41,1.0.0,1,31,Motorola moto g22,CO,[MISSING],WIFI,,,SCREEN_TRACE,_st_MainActivity,,222981242,1,0,,,,,,,,,
2/11/2024 6:37:19,1.0.0,1,31,Motorola moto g22,CO,[MISSING],WIFI,,,SCREEN_TRACE,_st_MainActivity,,51725380,0.0775862069,0,,,,,,,,,
2/11/2024 6:38:11,1.0.0,1,31,Motorola moto g22,CO,[MISSING],WIFI,,,DURATION_TRACE,_app_in_background,,1134840378,,,,,,,,,,,
1/11/2024 4:39:34,1.0.0,1,31,Motorola moto g22,CO,[MISSING],WIFI,,,DURATION_TRACE,_app_in_background,,66959539465,,,,,,,,,,,
1/11/2024 23:23:23,1.0.0,1,31,Motorola moto g22,CO,[MISSING],WIFI,,,DURATION_TRACE,_app_in_background,,25206895662,,,,,,,,,,,
2/11/2024 6:57:06,1.0.0,1,31,Motorola moto g22,CO,[MISSING],WIFI,,,DURATION_TRACE,_app_in_foreground,,120629134,,,,,,,,,,,
1/11/2024 23:19:41,1.0.0,1,31,Motorola moto g22,CO,[MISSING],WIFI,,,DURATION_TRACE,_app_in_foreground,,223010439,,,,,,,,,,,
2/11/2024 6:37:19,1.0.0,1,31,Motorola moto g22,CO,[MISSING],WIFI,,,DURATION_TRACE,_app_in_foreground,,51723890,,,,,,,,,,,
2/11/2024 17:48:23,1.0.0,1,31,Motorola moto g22,CO,[MISSING],WIFI,,,DURATION_TRACE,_app_in_background,,12808634,,,,,,,,,,,
2/11/2024 17:50:02,1.0.0,1,31,Motorola moto g22,CO,[MISSING],WIFI,,,DURATION_TRACE,_app_in_background,,305459155,,,,,,,,,,,
2/11/2024 18:01:24,1.0.0,1,31,Motorola moto g22,CO,[MISSING],WIFI,,,DURATION_TRACE,_app_in_background,,32517447211,,,,,,,,,,,
2/11/2024 17:58:55,1.0.0,1,31,Motorola moto g22,CO,[MISSING],WIFI,,,DURATION_TRACE,_app_in_background,,614491,,,,,,,,,,,
2/11/2024 6:59:07,1.0.0,1,31,Motorola moto g22,CO,[MISSING],WIFI,,,DURATION_TRACE,_app_in_background,,38314666494,,,,,,,,,,,
2/11/2024 17:48:36,1.0.0,1,31,Motorola moto g22,CO,[MISSING],WIFI,,,DURATION_TRACE,_app_in_foreground,,85617534,,,,,,,,,,,
2/11/2024 17:46:46,1.0.0,1,31,Motorola moto g22,CO,[MISSING],[MISSING],,,DURATION_TRACE,_app_in_foreground,,97523459,,,,,,,,,,,
2/11/2024 17:58:56,1.0.0,1,31,Motorola moto g22,CO,[MISSING],WIFI,,,DURATION_TRACE,_app_in_foreground,,148694494,,,,,,,,,,,
3/11/2024 3:03:22,1.0.0,1,31,Motorola moto g22,CO,[MISSING],WIFI,,,DURATION_TRACE,_app_in_foreground,,3089002,,,,,,,,,,,
2/11/2024 17:55:07,1.0.0,1,31,Motorola moto g22,CO,[MISSING],WIFI,,,DURATION_TRACE,_app_in_foreground,,227714474,,,,,,,,,,,
2/11/2024 17:48:36,1.0.0,1,31,Motorola moto g22,CO,[MISSING],WIFI,,,SCREEN_TRACE,_st_MainActivity,,85625768,0.09734513274,0,,,,,,,,,
2/11/2024 17:46:46,1.0.0,1,31,Motorola moto g22,CO,[MISSING],[MISSING],,,SCREEN_TRACE,_st_MainActivity,,97509133,0.1578947368,0,,,,,,,,,
2/11/2024 17:58:56,1.0.0,1,31,Motorola moto g22,CO,[MISSING],WIFI,,,SCREEN_TRACE,_st_MainActivity,,148693122,0.02631578947,0,,,,,,,,,
3/11/2024 3:03:22,1.0.0,1,31,Motorola moto g22,CO,[MISSING],WIFI,,,SCREEN_TRACE,_st_MainActivity,,3100455,1,0,,,,,,,,,
2/11/2024 17:55:07,1.0.0,1,31,Motorola moto g22,CO,[MISSING],WIFI,,,SCREEN_TRACE,_st_MainActivity,,227725928,0.119266055,0,,,,,,,,,
2/11/2024 21:32:25,1.0.0,1,34,Xiaomi Redmi Note 12S,CO,Comcel S.A. Occel S.A./Celcaribe,WIFI,,,SCREEN_TRACE,_st_SignInHubActivity,,3488089,1,0,,,,,,,,,
4/11/2024 3:35:32,1.0.0,1,31,Motorola moto g22,CO,[MISSING],WIFI,,,DURATION_TRACE,_app_in_background,,10328517525,,,,,,,,,,,
4/11/2024 6:36:45,1.0.0,1,31,Motorola moto g22,CO,[MISSING],WIFI,,,DURATION_TRACE,_app_in_background,,1622816,,,,,,,,,,,
4/11/2024 6:27:41,1.0.0,1,31,Motorola moto g22,CO,[MISSING],WIFI,,,DURATION_TRACE,_app_in_foreground,,14748443,,,,,,,,,,,
4/11/2024 3:34:03,1.0.0,1,31,Motorola moto g22,CO,[MISSING],WIFI,,,DURATION_TRACE,_app_in_foreground,,88434129,,,,,,,,,,,
4/11/2024 3:22:19,1.0.0,1,31,Motorola moto g22,CO,[MISSING],WIFI,,,DURATION_TRACE,_app_in_foreground,,4449162,,,,,,,,,,,
4/11/2024 6:34:45,1.0.0,1,31,Motorola moto g22,CO,[MISSING],WIFI,,,DURATION_TRACE,_app_in_foreground,,120548542,,,,,,,,,,,
4/11/2024 6:36:47,1.0.0,1,31,Motorola moto g22,CO,[MISSING],WIFI,,,DURATION_TRACE,_app_in_foreground,,4507695,,,,,,,,,,,
4/11/2024 6:27:40,1.0.0,1,31,Motorola moto g22,CO,[MISSING],WIFI,,,SCREEN_TRACE,_st_MainActivity,,14751472,1,0,,,,,,,,,
4/11/2024 3:22:19,1.0.0,1,31,Motorola moto g22,CO,[MISSING],WIFI,,,SCREEN_TRACE,_st_MainActivity,,4446212,1,0,,,,,,,,,
4/11/2024 6:36:47,1.0.0,1,31,Motorola moto g22,CO,[MISSING],WIFI,,,SCREEN_TRACE,_st_MainActivity,,4514939,1,0,,,,,,,,,
4/11/2024 3:34:03,1.0.0,1,31,Motorola moto g22,CO,[MISSING],WIFI,,,SCREEN_TRACE,_st_MainActivity,,88419193,0.3156498674,0.002652519894,,,,,,,,,
4/11/2024 22:55:13,1.0.0,1,31,Motorola moto g22,CO,[MISSING],WIFI,,,SCREEN_TRACE,_st_MainActivity,,353250280,0.04858299595,0,,,,,,,,,
4/11/2024 20:34:26,1.0.0,1,31,Motorola moto g22,CO,[MISSING],WIFI,,,SCREEN_TRACE,_st_MainActivity,,68153070,0.08024691358,0.01234567901,,,,,,,,,
5/11/2024 1:54:16,1.0.0,1,31,Motorola moto g22,CO,[MISSING],WIFI,,,SCREEN_TRACE,_st_MainActivity,,217727160,1,0,,,,,,,,,
4/11/2024 20:35:34,1.0.0,1,31,Motorola moto g22,CO,[MISSING],WIFI,,,SCREEN_TRACE,_st_MainActivity,,426175374,1,0,,,,,,,,,
4/11/2024 20:15:23,1.0.0,1,31,Motorola moto g22,CO,[MISSING],WIFI,,,SCREEN_TRACE,_st_MainActivity,,240548058,0.2875,0,,,,,,,,,
4/11/2024 22:26:21,1.0.0,1,31,Motorola moto g22,CO,[MISSING],WIFI,,,SCREEN_TRACE,_st_MainActivity,,59707882,1,0.3333333333,,,,,,,,,
4/11/2024 21:38:28,1.0.0,1,31,Motorola moto g22,CO,[MISSING],WIFI,,,SCREEN_TRACE,_st_MainActivity,,71558200,0.08181818182,0.02727272727,,,,,,,,,
4/11/2024 22:41:00,1.0.0,1,31,Motorola moto g22,CO,[MISSING],WIFI,,,SCREEN_TRACE,_st_MainActivity,,259705555,0.1203703704,0,,,,,,,,,
4/11/2024 23:26:55,1.0.0,1,31,Motorola moto g22,CO,[MISSING],WIFI,,,SCREEN_TRACE,_st_MainActivity,,119051969,0.2727272727,0,,,,,,,,,
4/11/2024 23:38:34,1.0.0,1,31,Motorola moto g22,CO,[MISSING],WIFI,,,SCREEN_TRACE,_st_MainActivity,,228849823,0.1379310345,0,,,,,,,,,
4/11/2024 18:48:15,1.0.0,1,31,Motorola moto g22,CO,[MISSING],[MISSING],,,SCREEN_TRACE,_st_MainActivity,,75902794,0.2727272727,0,,,,,,,,,
4/11/2024 21:39:45,1.0.0,1,31,Motorola moto g22,CO,[MISSING],WIFI,,,SCREEN_TRACE,_st_MainActivity,,331924521,1,0,,,,,,,,,
4/11/2024 22:24:40,1.0.0,1,31,Motorola moto g22,CO,[MISSING],WIFI,,,SCREEN_TRACE,_st_MainActivity,,59280839,1,0,,,,,,,,,
4/11/2024 22:12:50,1.0.0,1,31,Motorola moto g22,CO,[MISSING],WIFI,,,SCREEN_TRACE,_st_MainActivity,,113085812,1,0.25,,,,,,,,,
5/11/2024 1:50:18,1.0.0,1,31,Motorola moto g22,CO,[MISSING],[MISSING],,,SCREEN_TRACE,_st_MainActivity,,230430918,0.3693467337,0,,,,,,,,,
4/11/2024 21:53:35,1.0.0,1,31,Motorola moto g22,CO,[MISSING],WIFI,,,SCREEN_TRACE,_st_MainActivity,,123693569,1,0,,,,,,,,,
4/11/2024 22:27:25,1.0.0,1,31,Motorola moto g22,CO,[MISSING],WIFI,,,SCREEN_TRACE,_st_MainActivity,,76315536,0.04545454545,0.02727272727,,,,,,,,,
4/11/2024 21:51:18,1.0.0,1,31,Motorola moto g22,CO,[MISSING],WIFI,,,SCREEN_TRACE,_st_MainActivity,,144806308,0.04347826087,0.008695652174,,,,,,,,,
4/11/2024 22:34:02,1.0.0,1,31,Motorola moto g22,CO,[MISSING],WIFI,,,SCREEN_TRACE,_st_MainActivity,,265014554,0.1639344262,0,,,,,,,,,
4/11/2024 23:46:45,1.0.0,1,31,Motorola moto g22,CO,[MISSING],WIFI,,,SCREEN_TRACE,_st_MainActivity,,247257835,0.07207207207,0,,,,,,,,,
4/11/2024 23:52:36,1.0.0,1,31,Motorola moto g22,CO,[MISSING],WIFI,,,SCREEN_TRACE,_st_MainActivity,,99417880,0.05357142857,0,,,,,,,,,
4/11/2024 18:49:37,1.0.0,1,31,Motorola moto g22,CO,[MISSING],[MISSING],,,SCREEN_TRACE,_st_MainActivity,,209906979,0.08196721311,0,,,,,,,,,
4/11/2024 22:49:15,1.0.0,1,31,Motorola moto g22,CO,[MISSING],WIFI,,,SCREEN_TRACE,_st_MainActivity,,280188632,0.05084745763,0,,,,,,,,,
5/11/2024 1:45:52,1.0.0,1,31,Motorola moto g22,CO,[MISSING],WIFI,,,SCREEN_TRACE,_st_MainActivity,,97112862,0.75,0,,,,,,,,,
4/11/2024 23:22:51,1.0.0,1,31,Motorola moto g22,CO,[MISSING],WIFI,,,SCREEN_TRACE,_st_MainActivity,,2284240,1,0,,,,,,,,,
5/11/2024 1:41:03,1.0.0,1,31,Motorola moto g22,CO,[MISSING],WIFI,,,SCREEN_TRACE,_st_MainActivity,,59902349,0.2,0,,,,,,,,,
5/11/2024 0:09:20,1.0.0,1,31,Motorola moto g22,CO,[MISSING],WIFI,,,SCREEN_TRACE,_st_MainActivity,,75401735,1,0,,,,,,,,,
4/11/2024 22:10:52,1.0.0,1,31,Motorola moto g22,CO,[MISSING],[MISSING],,,SCREEN_TRACE,_st_MainActivity,,113306826,0.09174311927,0.009174311927,,,,,,,,,
4/11/2024 23:01:15,1.0.0,1,31,Motorola moto g22,CO,[MISSING],WIFI,,,SCREEN_TRACE,_st_MainActivity,,362795798,0.05217391304,0,,,,,,,,,
4/11/2024 20:19:23,1.0.0,1,31,Motorola moto g22,CO,[MISSING],WIFI,,,DURATION_TRACE,_app_in_background,,65097389,,,,,,,,,,,
4/11/2024 23:01:06,1.0.0,1,31,Motorola moto g22,CO,[MISSING],[MISSING],,,DURATION_TRACE,_app_in_background,,9727337,,,,,,,,,,,
4/11/2024 20:35:34,1.0.0,1,31,Motorola moto g22,CO,[MISSING],WIFI,,,DURATION_TRACE,_app_in_background,,1182238,,,,,,,,,,,
4/11/2024 23:54:16,1.0.0,1,31,Motorola moto g22,CO,[MISSING],WIFI,,,DURATION_TRACE,_app_in_background,,904740389,,,,,,,,,,,
4/11/2024 21:55:39,1.0.0,1,31,Motorola moto g22,CO,[MISSING],WIFI,,,DURATION_TRACE,_app_in_background,,652175684,,,,,,,,,,,
5/11/2024 1:57:54,1.0.0,1,31,Motorola moto g22,CO,[MISSING],WIFI,,,DURATION_TRACE,_app_in_background,,1345477011,,,,,,,,,,,
4/11/2024 21:45:17,1.0.0,1,31,Motorola moto g22,CO,[MISSING],WIFI,,,DURATION_TRACE,_app_in_background,,284125048,,,,,,,,,,,
4/11/2024 22:27:21,1.0.0,1,31,Motorola moto g22,CO,[MISSING],WIFI,,,DURATION_TRACE,_app_in_background,,4052297,,,,,,,,,,,
4/11/2024 22:53:55,1.0.0,1,31,Motorola moto g22,CO,[MISSING],WIFI,,,DURATION_TRACE,_app_in_background,,77901660,,,,,,,,,,,
5/11/2024 1:47:30,1.0.0,1,31,Motorola moto g22,CO,[MISSING],WIFI,,,DURATION_TRACE,_app_in_background,,168024014,,,,,,,,,,,
4/11/2024 23:28:54,1.0.0,1,31,Motorola moto g22,CO,[MISSING],WIFI,,,DURATION_TRACE,_app_in_background,,577711481,,,,,,,,,,,
4/11/2024 21:39:39,1.0.0,1,31,Motorola moto g22,CO,[MISSING],[MISSING],,,DURATION_TRACE,_app_in_background,,5717730,,,,,,,,,,,
4/11/2024 22:38:25,1.0.0,1,31,Motorola moto g22,CO,[MISSING],WIFI,,,DURATION_TRACE,_app_in_background,,154674317,,,,,,,,,,,
4/11/2024 22:28:41,1.0.0,1,31,Motorola moto g22,CO,[MISSING],WIFI,,,DURATION_TRACE,_app_in_background,,318892893,,,,,,,,,,,
4/11/2024 18:45:03,1.0.0,1,31,Motorola moto g22,CO,[MISSING],WIFI,,,DURATION_TRACE,_app_in_background,,116281252,,,,,,,,,,,
4/11/2024 22:25:40,1.0.0,1,31,Motorola moto g22,CO,[MISSING],WIFI,,,DURATION_TRACE,_app_in_background,,41636567,,,,,,,,,,,
5/11/2024 1:42:03,1.0.0,1,31,Motorola moto g22,CO,[MISSING],WIFI,,,DURATION_TRACE,_app_in_background,,42684847,,,,,,,,,,,
4/11/2024 22:14:48,1.0.0,1,31,Motorola moto g22,CO,[MISSING],WIFI,,,DURATION_TRACE,_app_in_background,,423625385,,,,,,,,,,,
5/11/2024 1:54:08,1.0.0,1,31,Motorola moto g22,CO,[MISSING],WIFI,,,DURATION_TRACE,_app_in_background,,8081075,,,,,,,,,,,
4/11/2024 21:53:42,1.0.0,1,31,Motorola moto g22,CO,[MISSING],WIFI,,,DURATION_TRACE,_app_in_background,,1030411,,,,,,,,,,,
4/11/2024 18:49:31,1.0.0,1,31,Motorola moto g22,CO,[MISSING],WIFI,,,DURATION_TRACE,_app_in_background,,5750443,,,,,,,,,,,
4/11/2024 18:53:07,1.0.0,1,31,Motorola moto g22,CO,[MISSING],[MISSING],,,DURATION_TRACE,_app_in_background,,417694802,,,,,,,,,,,
4/11/2024 20:42:40,1.0.0,1,31,Motorola moto g22,CO,[MISSING],WIFI,,,DURATION_TRACE,_app_in_background,,3347318138,,,,,,,,,,,
4/11/2024 23:42:21,1.0.0,1,31,Motorola moto g22,CO,[MISSING],WIFI,,,DURATION_TRACE,_app_in_background,,263755388,,,,,,,,,,,
4/11/2024 23:07:18,1.0.0,1,31,Motorola moto g22,CO,[MISSING],WIFI,,,DURATION_TRACE,_app_in_background,,933085082,,,,,,,,,,,
4/11/2024 22:45:20,1.0.0,1,31,Motorola moto g22,CO,[MISSING],WIFI,,,DURATION_TRACE,_app_in_background,,234496280,,,,,,,,,,,
5/11/2024 0:10:36,1.0.0,1,31,Motorola moto g22,CO,[MISSING],WIFI,,,DURATION_TRACE,_app_in_background,,27860493,,,,,,,,,,,
4/11/2024 23:50:52,1.0.0,1,31,Motorola moto g22,CO,[MISSING],WIFI,,,DURATION_TRACE,_app_in_background,,104007508,,,,,,,,,,,
4/11/2024 22:12:45,1.0.0,1,31,Motorola moto g22,CO,[MISSING],WIFI,,,DURATION_TRACE,_app_in_background,,4676347,,,,,,,,,,,
4/11/2024 6:36:52,1.0.0,1,31,Motorola moto g22,CO,[MISSING],WIFI,,,DURATION_TRACE,_app_in_background,,42011248210,,,,,,,,,,,
4/11/2024 22:55:13,1.0.0,1,31,Motorola moto g22,CO,[MISSING],WIFI,,,DURATION_TRACE,_app_in_foreground,,353240219,,,,,,,,,,,
4/11/2024 20:34:26,1.0.0,1,31,Motorola moto g22,CO,[MISSING],WIFI,,,DURATION_TRACE,_app_in_foreground,,68175704,,,,,,,,,,,
5/11/2024 1:54:16,1.0.0,1,31,Motorola moto g22,CO,[MISSING],WIFI,,,DURATION_TRACE,_app_in_foreground,,217701304,,,,,,,,,,,
4/11/2024 18:42:56,1.0.0,1,31,Motorola moto g22,CO,[MISSING],WIFI,,,DURATION_TRACE,_app_in_foreground,,127570128,,,,,,,,,,,
4/11/2024 20:35:34,1.0.0,1,31,Motorola moto g22,CO,[MISSING],WIFI,,,DURATION_TRACE,_app_in_foreground,,426176612,,,,,,,,,,,
4/11/2024 20:15:23,1.0.0,1,31,Motorola moto g22,CO,[MISSING],WIFI,,,DURATION_TRACE,_app_in_foreground,,240562278,,,,,,,,,,,
4/11/2024 22:26:21,1.0.0,1,31,Motorola moto g22,CO,[MISSING],WIFI,,,DURATION_TRACE,_app_in_foreground,,59703597,,,,,,,,,,,
4/11/2024 21:38:28,1.0.0,1,31,Motorola moto g22,CO,[MISSING],WIFI,,,DURATION_TRACE,_app_in_foreground,,71548180,,,,,,,,,,,
4/11/2024 22:41:00,1.0.0,1,31,Motorola moto g22,CO,[MISSING],WIFI,,,DURATION_TRACE,_app_in_foreground,,259696110,,,,,,,,,,,
4/11/2024 23:26:55,1.0.0,1,31,Motorola moto g22,CO,[MISSING],WIFI,,,DURATION_TRACE,_app_in_foreground,,119073543,,,,,,,,,,,
4/11/2024 23:38:34,1.0.0,1,31,Motorola moto g22,CO,[MISSING],WIFI,,,DURATION_TRACE,_app_in_foreground,,228845507,,,,,,,,,,,
4/11/2024 18:48:15,1.0.0,1,31,Motorola moto g22,CO,[MISSING],[MISSING],,,DURATION_TRACE,_app_in_foreground,,75932243,,,,,,,,,,,
4/11/2024 21:39:45,1.0.0,1,31,Motorola moto g22,CO,[MISSING],WIFI,,,DURATION_TRACE,_app_in_foreground,,331919494,,,,,,,,,,,
4/11/2024 22:24:40,1.0.0,1,31,Motorola moto g22,CO,[MISSING],WIFI,,,DURATION_TRACE,_app_in_foreground,,59295819,,,,,,,,,,,
4/11/2024 22:12:50,1.0.0,1,31,Motorola moto g22,CO,[MISSING],WIFI,,,DURATION_TRACE,_app_in_foreground,,113086441,,,,,,,,,,,
5/11/2024 1:50:18,1.0.0,1,31,Motorola moto g22,CO,[MISSING],[MISSING],,,DURATION_TRACE,_app_in_foreground,,230408160,,,,,,,,,,,
4/11/2024 21:53:35,1.0.0,1,31,Motorola moto g22,CO,[MISSING],WIFI,,,DURATION_TRACE,_app_in_foreground,,123690076,,,,,,,,,,,
4/11/2024 22:27:25,1.0.0,1,31,Motorola moto g22,CO,[MISSING],WIFI,,,DURATION_TRACE,_app_in_foreground,,76311609,,,,,,,,,,,
4/11/2024 21:51:18,1.0.0,1,31,Motorola moto g22,CO,[MISSING],WIFI,,,DURATION_TRACE,_app_in_foreground,,144813082,,,,,,,,,,,
4/11/2024 22:34:02,1.0.0,1,31,Motorola moto g22,CO,[MISSING],WIFI,,,DURATION_TRACE,_app_in_foreground,,265010286,,,,,,,,,,,
4/11/2024 23:46:45,1.0.0,1,31,Motorola moto g22,CO,[MISSING],WIFI,,,DURATION_TRACE,_app_in_foreground,,247247518,,,,,,,,,,,
4/11/2024 23:52:36,1.0.0,1,31,Motorola moto g22,CO,[MISSING],WIFI,,,DURATION_TRACE,_app_in_foreground,,99353679,,,,,,,,,,,
4/11/2024 18:49:37,1.0.0,1,31,Motorola moto g22,CO,[MISSING],[MISSING],,,DURATION_TRACE,_app_in_foreground,,209922135,,,,,,,,,,,
4/11/2024 22:49:15,1.0.0,1,31,Motorola moto g22,CO,[MISSING],WIFI,,,DURATION_TRACE,_app_in_foreground,,280183127,,,,,,,,,,,
5/11/2024 1:45:52,1.0.0,1,31,Motorola moto g22,CO,[MISSING],WIFI,,,DURATION_TRACE,_app_in_foreground,,97127631,,,,,,,,,,,
5/11/2024 1:41:03,1.0.0,1,31,Motorola moto g22,CO,[MISSING],WIFI,,,DURATION_TRACE,_app_in_foreground,,59902342,,,,,,,,,,,
5/11/2024 0:09:20,1.0.0,1,31,Motorola moto g22,CO,[MISSING],WIFI,,,DURATION_TRACE,_app_in_foreground,,75391720,,,,,,,,,,,
4/11/2024 22:10:52,1.0.0,1,31,Motorola moto g22,CO,[MISSING],[MISSING],,,DURATION_TRACE,_app_in_foreground,,113327725,,,,,,,,,,,
4/11/2024 23:01:15,1.0.0,1,31,Motorola moto g22,CO,[MISSING],WIFI,,,DURATION_TRACE,_app_in_foreground,,362771803,,,,,,,,,,,
5/11/2024 4:47:19,1.0.0,1,31,Xiaomi Redmi Note 10,CO,UNKNOWN [732360],WIFI,,,SCREEN_TRACE,_st_MainActivity,,54714974,1,0,,,,,,,,,
5/11/2024 4:47:17,1.0.0,1,31,Xiaomi Redmi Note 10,CO,UNKNOWN [732360],WIFI,,,DURATION_TRACE,_app_in_background,,1987947,,,,,,,,,,,
5/11/2024 4:47:04,1.0.0,1,31,Xiaomi Redmi Note 10,CO,UNKNOWN [732360],WIFI,,,DURATION_TRACE,_app_in_foreground,,13401228,,,,,,,,,,,
5/11/2024 4:47:19,1.0.0,1,31,Xiaomi Redmi Note 10,CO,UNKNOWN [732360],WIFI,,,DURATION_TRACE,_app_in_foreground,,54717539,,,,,,,,,,,
4/11/2024 22:43:41,1.0.0,1,34,Xiaomi Redmi Note 12S,CO,Comcel S.A. Occel S.A./Celcaribe,WIFI,,,SCREEN_TRACE,_st_MainActivity,,321426325,0.6666666667,0,,,,,,,,,
5/11/2024 3:35:54,1.0.0,1,34,Xiaomi Redmi Note 12S,CO,Comcel S.A. Occel S.A./Celcaribe,WIFI,,,SCREEN_TRACE,_st_MainActivity,,82341599,1,1,,,,,,,,,
5/11/2024 3:35:19,1.0.0,1,34,Xiaomi Redmi Note 12S,CO,Comcel S.A. Occel S.A./Celcaribe,WIFI,,,SCREEN_TRACE,_st_MainActivity,,22742984,1,0,,,,,,,,,
5/11/2024 2:15:05,1.0.0,1,34,Xiaomi Redmi Note 12S,CO,Comcel S.A. Occel S.A./Celcaribe,WIFI,,,SCREEN_TRACE,_st_MainActivity,,21472432,0.4,0,,,,,,,,,
5/11/2024 4:42:48,1.0.0,1,34,Xiaomi Redmi Note 12S,CO,Comcel S.A. Occel S.A./Celcaribe,WIFI,,,SCREEN_TRACE,_st_MainActivity,,4885550,1,0,,,,,,,,,
4/11/2024 22:56:18,1.0.0,1,34,Xiaomi Redmi Note 12S,CO,Comcel S.A. Occel S.A./Celcaribe,WIFI,,,SCREEN_TRACE,_st_MainActivity,,60310417,1,0,,,,,,,,,
4/11/2024 22:41:03,1.0.0,1,34,Xiaomi Redmi Note 12S,CO,Comcel S.A. Occel S.A./Celcaribe,WIFI,,,SCREEN_TRACE,_st_MainActivity,,157059406,1,0,,,,,,,,,
4/11/2024 23:36:56,1.0.0,1,34,Xiaomi Redmi Note 12S,CO,Comcel S.A. Occel S.A./Celcaribe,WIFI,,,SCREEN_TRACE,_st_MainActivity,,38265570,0.6666666667,0,,,,,,,,,
5/11/2024 4:02:55,1.0.0,1,34,Xiaomi Redmi Note 12S,CO,Comcel S.A. Occel S.A./Celcaribe,WIFI,,,SCREEN_TRACE,_st_MainActivity,,152812978,1,0,,,,,,,,,
5/11/2024 3:34:11,1.0.0,1,34,Xiaomi Redmi Note 12S,CO,Comcel S.A. Occel S.A./Celcaribe,WIFI,,,SCREEN_TRACE,_st_MainActivity,,61331896,1,0,,,,,,,,,
5/11/2024 4:24:24,1.0.0,1,34,Xiaomi Redmi Note 12S,CO,Comcel S.A. Occel S.A./Celcaribe,[MISSING],,,SCREEN_TRACE,_st_MainActivity,,341713884,0.6666666667,0,,,,,,,,,
4/11/2024 23:44:14,1.0.0,1,34,Xiaomi Redmi Note 12S,CO,Comcel S.A. Occel S.A./Celcaribe,WIFI,,,SCREEN_TRACE,_st_MainActivity,,140672256,0.6666666667,0,,,,,,,,,
5/11/2024 2:01:12,1.0.0,1,34,Xiaomi Redmi Note 12S,CO,Comcel S.A. Occel S.A./Celcaribe,WIFI,,,SCREEN_TRACE,_st_MainActivity,,251054459,0.75,0,,,,,,,,,
4/11/2024 21:26:37,1.0.0,1,34,Xiaomi Redmi Note 12S,CO,Comcel S.A. Occel S.A./Celcaribe,WIFI,,,SCREEN_TRACE,_st_MainActivity,,60336004,1,0,,,,,,,,,
4/11/2024 22:28:52,1.0.0,1,34,Xiaomi Redmi Note 12S,CO,Comcel S.A. Occel S.A./Celcaribe,WIFI,,,SCREEN_TRACE,_st_MainActivity,,138722129,1,0,,,,,,,,,
4/11/2024 21:15:24,1.0.0,1,34,Xiaomi Redmi Note 12S,CO,Comcel S.A. Occel S.A./Celcaribe,WIFI,,,SCREEN_TRACE,_st_MainActivity,,111240991,1,0,,,,,,,,,
4/11/2024 20:31:01,1.0.0,1,34,Xiaomi Redmi Note 12S,CO,Comcel S.A. Occel S.A./Celcaribe,WIFI,,,SCREEN_TRACE,_st_MainActivity,,3334356,0.8888888889,0,,,,,,,,,
4/11/2024 22:57:22,1.0.0,1,34,Xiaomi Redmi Note 12S,CO,Comcel S.A. Occel S.A./Celcaribe,[MISSING],,,SCREEN_TRACE,_st_MainActivity,,1130555079,0.3764861295,0,,,,,,,,,
4/11/2024 20:19:56,1.0.0,1,34,Xiaomi Redmi Note 12S,CO,Comcel S.A. Occel S.A./Celcaribe,WIFI,,,SCREEN_TRACE,_st_MainActivity,,340228496,0.4786324786,0,,,,,,,,,
4/11/2024 20:31:07,1.0.0,1,34,Xiaomi Redmi Note 12S,CO,Comcel S.A. Occel S.A./Celcaribe,WIFI,,,SCREEN_TRACE,_st_MainActivity,,59797016,1,0,,,,,,,,,
4/11/2024 22:49:28,1.0.0,1,34,Xiaomi Redmi Note 12S,CO,Comcel S.A. Occel S.A./Celcaribe,WIFI,,,SCREEN_TRACE,_st_MainActivity,,406734344,0.6557142857,0,,,,,,,,,
4/11/2024 20:56:00,1.0.0,1,34,Xiaomi Redmi Note 12S,CO,Comcel S.A. Occel S.A./Celcaribe,WIFI,,,SCREEN_TRACE,_st_MainActivity,,60325927,1,0,,,,,,,,,
5/11/2024 1:29:42,1.0.0,1,34,Xiaomi Redmi Note 12S,CO,Comcel S.A. Occel S.A./Celcaribe,WIFI,,,SCREEN_TRACE,_st_MainActivity,,60260442,1,0,,,,,,,,,
4/11/2024 20:11:58,1.0.0,1,34,Xiaomi Redmi Note 12S,CO,Comcel S.A. Occel S.A./Celcaribe,WIFI,,,SCREEN_TRACE,_st_MainActivity,,72089275,0.6435643564,0,,,,,,,,,
4/11/2024 20:53:38,1.0.0,1,34,Xiaomi Redmi Note 12S,CO,Comcel S.A. Occel S.A./Celcaribe,WIFI,,,SCREEN_TRACE,_st_MainActivity,,2274361,1,0,,,,,,,,,
5/11/2024 0:23:25,1.0.0,1,34,Xiaomi Redmi Note 12S,CO,Comcel S.A. Occel S.A./Celcaribe,WIFI,,,SCREEN_TRACE,_st_MainActivity,,151217485,1,0,,,,,,,,,
5/11/2024 1:28:39,1.0.0,1,34,Xiaomi Redmi Note 12S,CO,Comcel S.A. Occel S.A./Celcaribe,WIFI,,,SCREEN_TRACE,_st_MainActivity,,60331512,1,0,,,,,,,,,
5/11/2024 1:27:31,1.0.0,1,34,Xiaomi Redmi Note 12S,CO,Comcel S.A. Occel S.A./Celcaribe,WIFI,,,SCREEN_TRACE,_st_MainActivity,,65724064,1,0,,,,,,,,,
5/11/2024 1:42:03,1.0.0,1,34,Xiaomi Redmi Note 12S,CO,Comcel S.A. Occel S.A./Celcaribe,WIFI,,,SCREEN_TRACE,_st_MainActivity,,6247319,1,0,,,,,,,,,
4/11/2024 23:32:23,1.0.0,1,34,Xiaomi Redmi Note 12S,CO,Comcel S.A. Occel S.A./Celcaribe,[MISSING],,,SCREEN_TRACE,_st_MainActivity,,234565486,1,0,,,,,,,,,
4/11/2024 21:04:20,1.0.0,1,34,Xiaomi Redmi Note 12S,CO,Comcel S.A. Occel S.A./Celcaribe,WIFI,,,SCREEN_TRACE,_st_MainActivity,,15722392,0.5447154472,0,,,,,,,,,
4/11/2024 20:28:21,1.0.0,1,34,Xiaomi Redmi Note 12S,CO,Comcel S.A. Occel S.A./Celcaribe,WIFI,,,SCREEN_TRACE,_st_MainActivity,,64577301,0.465648855,0,,,,,,,,,
5/11/2024 3:24:01,1.0.0,1,34,Xiaomi Redmi Note 12S,CO,Comcel S.A. Occel S.A./Celcaribe,WIFI,,,SCREEN_TRACE,_st_MainActivity,,102411329,0.4,0,,,,,,,,,
5/11/2024 4:11:49,1.0.0,1,34,Xiaomi Redmi Note 12S,CO,Comcel S.A. Occel S.A./Celcaribe,[MISSING],,,SCREEN_TRACE,_st_MainActivity,,1306063,1,0,,,,,,,,,
4/11/2024 21:06:43,1.0.0,1,34,Xiaomi Redmi Note 12S,CO,Comcel S.A. Occel S.A./Celcaribe,WIFI,,,SCREEN_TRACE,_st_MainActivity,,61539538,1,0,,,,,,,,,
4/11/2024 22:31:22,1.0.0,1,34,Xiaomi Redmi Note 12S,CO,Comcel S.A. Occel S.A./Celcaribe,WIFI,,,SCREEN_TRACE,_st_MainActivity,,246144962,1,0,,,,,,,,,
5/11/2024 0:25:59,1.0.0,1,34,Xiaomi Redmi Note 12S,CO,Comcel S.A. Occel S.A./Celcaribe,WIFI,,,SCREEN_TRACE,_st_MainActivity,,60318412,1,0,,,,,,,,,
4/11/2024 20:57:44,1.0.0,1,34,Xiaomi Redmi Note 12S,CO,Comcel S.A. Occel S.A./Celcaribe,WIFI,,,SCREEN_TRACE,_st_MainActivity,,60389831,1,0,,,,,,,,,
4/11/2024 20:58:55,1.0.0,1,34,Xiaomi Redmi Note 12S,CO,Comcel S.A. Occel S.A./Celcaribe,WIFI,,,SCREEN_TRACE,_st_MainActivity,,2081764,1,0,,,,,,,,,
5/11/2024 1:47:53,1.0.0,1,34,Xiaomi Redmi Note 12S,CO,Comcel S.A. Occel S.A./Celcaribe,WIFI,,,SCREEN_TRACE,_st_MainActivity,,425083259,1,0,,,,,,,,,
4/11/2024 23:52:49,1.0.0,1,34,Xiaomi Redmi Note 12S,CO,Comcel S.A. Occel S.A./Celcaribe,LTE,,,SCREEN_TRACE,_st_MainActivity,,60301005,1,0,,,,,,,,,
5/11/2024 0:44:32,1.0.0,1,34,Xiaomi Redmi Note 12S,CO,Comcel S.A. Occel S.A./Celcaribe,WIFI,,,SCREEN_TRACE,_st_MainActivity,,60371722,1,0,,,,,,,,,
5/11/2024 4:30:19,1.0.0,1,34,Xiaomi Redmi Note 12S,CO,Comcel S.A. Occel S.A./Celcaribe,WIFI,,,SCREEN_TRACE,_st_MainActivity,,73006995,0.75,0,,,,,,,,,
5/11/2024 4:31:32,1.0.0,1,34,Xiaomi Redmi Note 12S,CO,Comcel S.A. Occel S.A./Celcaribe,WIFI,,,SCREEN_TRACE,_st_MainActivity,,1086441,1,0,,,,,,,,,
5/11/2024 4:31:33,1.0.0,1,34,Xiaomi Redmi Note 12S,CO,Comcel S.A. Occel S.A./Celcaribe,WIFI,,,SCREEN_TRACE,_st_MainActivity,,1242135,1,0,,,,,,,,,
4/11/2024 21:49:45,1.0.0,1,34,Xiaomi Redmi Note 12S,CO,Comcel S.A. Occel S.A./Celcaribe,WIFI,,,SCREEN_TRACE,_st_MainActivity,,103745531,1,0,,,,,,,,,
5/11/2024 3:37:35,1.0.0,1,34,Xiaomi Redmi Note 12S,CO,Comcel S.A. Occel S.A./Celcaribe,WIFI,,,SCREEN_TRACE,_st_MainActivity,,932685533,0.3282208589,0,,,,,,,,,
5/11/2024 3:15:50,1.0.0,1,34,Xiaomi Redmi Note 12S,CO,Comcel S.A. Occel S.A./Celcaribe,WIFI,,,SCREEN_TRACE,_st_MainActivity,,407160784,1,0,,,,,,,,,
4/11/2024 23:53:58,1.0.0,1,34,Xiaomi Redmi Note 12S,CO,Comcel S.A. Occel S.A./Celcaribe,LTE,,,SCREEN_TRACE,_st_MainActivity,,318283071,1,0,,,,,,,,,
4/11/2024 20:15:52,1.0.0,1,34,Xiaomi Redmi Note 12S,CO,Comcel S.A. Occel S.A./Celcaribe,WIFI,,,SCREEN_TRACE,_st_MainActivity,,132321391,0.3123028391,0,,,,,,,,,
4/11/2024 21:30:00,1.0.0,1,34,Xiaomi Redmi Note 12S,CO,Comcel S.A. Occel S.A./Celcaribe,WIFI,,,SCREEN_TRACE,_st_MainActivity,,3494734,1,0,,,,,,,,,
5/11/2024 1:55:02,1.0.0,1,34,Xiaomi Redmi Note 12S,CO,Comcel S.A. Occel S.A./Celcaribe,WIFI,,,SCREEN_TRACE,_st_MainActivity,,362464874,1,0,,,,,,,,,
4/11/2024 19:51:44,1.0.0,1,34,Xiaomi Redmi Note 12S,CO,Comcel S.A. Occel S.A./Celcaribe,WIFI,,,SCREEN_TRACE,_st_MainActivity,,1178853746,0.2390710383,0,,,,,,,,,
5/11/2024 3:25:48,1.0.0,1,34,Xiaomi Redmi Note 12S,CO,Comcel S.A. Occel S.A./Celcaribe,WIFI,,,SCREEN_TRACE,_st_MainActivity,,490838898,1,0,,,,,,,,,
4/11/2024 22:38:24,1.0.0,1,34,Xiaomi Redmi Note 12S,CO,Comcel S.A. Occel S.A./Celcaribe,WIFI,,,SCREEN_TRACE,_st_MainActivity,,153756770,1,0,,,,,,,,,
4/11/2024 21:10:12,1.0.0,1,34,Xiaomi Redmi Note 12S,CO,Comcel S.A. Occel S.A./Celcaribe,WIFI,,,SCREEN_TRACE,_st_MainActivity,,309703537,0.04564315353,0,,,,,,,,,
5/11/2024 1:07:09,1.0.0,1,34,Xiaomi Redmi Note 12S,CO,Comcel S.A. Occel S.A./Celcaribe,WIFI,,,SCREEN_TRACE,_st_MainActivity,,129822592,1,0,,,,,,,,,
5/11/2024 1:33:33,1.0.0,1,34,Xiaomi Redmi Note 12S,CO,Comcel S.A. Occel S.A./Celcaribe,WIFI,,,SCREEN_TRACE,_st_MainActivity,,2350019,1,0,,,,,,,,,
5/11/2024 0:47:53,1.0.0,1,34,Xiaomi Redmi Note 12S,CO,Comcel S.A. Occel S.A./Celcaribe,WIFI,,,SCREEN_TRACE,_st_MainActivity,,123460641,0.5,0,,,,,,,,,
4/11/2024 21:42:35,1.0.0,1,34,Xiaomi Redmi Note 12S,CO,Comcel S.A. Occel S.A./Celcaribe,WIFI,,,SCREEN_TRACE,_st_MainActivity,,412737438,0.2821576763,0,,,,,,,,,
4/11/2024 22:49:03,1.0.0,1,34,Xiaomi Redmi Note 12S,CO,Comcel S.A. Occel S.A./Celcaribe,WIFI,,,DURATION_TRACE,_app_in_background,,24944496,,,,,,,,,,,
5/11/2024 3:37:16,1.0.0,1,34,Xiaomi Redmi Note 12S,CO,Comcel S.A. Occel S.A./Celcaribe,WIFI,,,DURATION_TRACE,_app_in_background,,18507105,,,,,,,,,,,
4/11/2024 20:18:04,1.0.0,1,34,Xiaomi Redmi Note 12S,CO,Comcel S.A. Occel S.A./Celcaribe,WIFI,,,DURATION_TRACE,_app_in_background,,112205518,,,,,,,,,,,
5/11/2024 3:35:12,1.0.0,1,34,Xiaomi Redmi Note 12S,CO,Comcel S.A. Occel S.A./Celcaribe,WIFI,,,DURATION_TRACE,_app_in_background,,6810144,,,,,,,,,,,
5/11/2024 2:05:23,1.0.0,1,34,Xiaomi Redmi Note 12S,CO,Comcel S.A. Occel S.A./Celcaribe,WIFI,,,DURATION_TRACE,_app_in_background,,581748182,,,,,,,,,,,
4/11/2024 22:57:18,1.0.0,1,34,Xiaomi Redmi Note 12S,CO,Comcel S.A. Occel S.A./Celcaribe,WIFI,,,DURATION_TRACE,_app_in_background,,3388515,,,,,,,,,,,
4/11/2024 22:43:40,1.0.0,1,34,Xiaomi Redmi Note 12S,CO,Comcel S.A. Occel S.A./Celcaribe,WIFI,,,DURATION_TRACE,_app_in_background,,1133023,,,,,,,,,,,
5/11/2024 3:35:41,1.0.0,1,34,Xiaomi Redmi Note 12S,CO,Comcel S.A. Occel S.A./Celcaribe,WIFI,,,DURATION_TRACE,_app_in_background,,12266229,,,,,,,,,,,
5/11/2024 4:05:28,1.0.0,1,34,Xiaomi Redmi Note 12S,CO,Comcel S.A. Occel S.A./Celcaribe,WIFI,,,DURATION_TRACE,_app_in_background,,34230992,,,,,,,,,,,
5/11/2024 4:30:06,1.0.0,1,34,Xiaomi Redmi Note 12S,CO,Comcel S.A. Occel S.A./Celcaribe,[MISSING],,,DURATION_TRACE,_app_in_background,,12855035,,,,,,,,,,,
4/11/2024 23:46:35,1.0.0,1,34,Xiaomi Redmi Note 12S,CO,Comcel S.A. Occel S.A./Celcaribe,WIFI,,,DURATION_TRACE,_app_in_background,,19216650,,,,,,,,,,,
4/11/2024 20:11:23,1.0.0,1,34,Xiaomi Redmi Note 12S,CO,Comcel S.A. Occel S.A./Celcaribe,WIFI,,,DURATION_TRACE,_app_in_background,,35164255,,,,,,,,,,,
4/11/2024 22:31:11,1.0.0,1,34,Xiaomi Redmi Note 12S,CO,Comcel S.A. Occel S.A./Celcaribe,WIFI,,,DURATION_TRACE,_app_in_background,,10469359,,,,,,,,,,,
4/11/2024 20:29:25,1.0.0,1,34,Xiaomi Redmi Note 12S,CO,Comcel S.A. Occel S.A./Celcaribe,WIFI,,,DURATION_TRACE,_app_in_background,,96184842,,,,,,,,,,,
4/11/2024 20:31:05,1.0.0,1,34,Xiaomi Redmi Note 12S,CO,Comcel S.A. Occel S.A./Celcaribe,WIFI,,,DURATION_TRACE,_app_in_background,,2591379,,,,,,,,,,,
5/11/2024 0:49:56,1.0.0,1,34,Xiaomi Redmi Note 12S,CO,Comcel S.A. Occel S.A./Celcaribe,WIFI,,,DURATION_TRACE,_app_in_background,,55784948,,,,,,,,,,,
4/11/2024 22:56:15,1.0.0,1,34,Xiaomi Redmi Note 12S,CO,Comcel S.A. Occel S.A./Celcaribe,WIFI,,,DURATION_TRACE,_app_in_background,,3293686,,,,,,,,,,,
4/11/2024 20:48:57,1.0.0,1,34,Xiaomi Redmi Note 12S,CO,Comcel S.A. Occel S.A./Celcaribe,WIFI,,,DURATION_TRACE,_app_in_background,,280647790,,,,,,,,,,,
5/11/2024 0:25:56,1.0.0,1,34,Xiaomi Redmi Note 12S,CO,Comcel S.A. Occel S.A./Celcaribe,WIFI,,,DURATION_TRACE,_app_in_background,,3100470,,,,,,,,,,,
5/11/2024 1:29:39,1.0.0,1,34,Xiaomi Redmi Note 12S,CO,Comcel S.A. Occel S.A./Celcaribe,WIFI,,,DURATION_TRACE,_app_in_background,,3190555,,,,,,,,,,,
5/11/2024 1:47:38,1.0.0,1,34,Xiaomi Redmi Note 12S,CO,Comcel S.A. Occel S.A./Celcaribe,WIFI,,,DURATION_TRACE,_app_in_background,,15301340,,,,,,,,,,,
4/11/2024 20:32:07,1.0.0,1,34,Xiaomi Redmi Note 12S,CO,Comcel S.A. Occel S.A./Celcaribe,WIFI,,,DURATION_TRACE,_app_in_background,,880029570,,,,,,,,,,,
5/11/2024 1:28:36,1.0.0,1,34,Xiaomi Redmi Note 12S,CO,Comcel S.A. Occel S.A./Celcaribe,WIFI,,,DURATION_TRACE,_app_in_background,,2264610,,,,,,,,,,,
4/11/2024 23:36:18,1.0.0,1,34,Xiaomi Redmi Note 12S,CO,Comcel S.A. Occel S.A./Celcaribe,[MISSING],,,DURATION_TRACE,_app_in_background,,38824500,,,,,,,,,,,
4/11/2024 20:28:18,1.0.0,1,34,Xiaomi Redmi Note 12S,CO,Comcel S.A. Occel S.A./Celcaribe,WIFI,,,DURATION_TRACE,_app_in_background,,2814355,,,,,,,,,,,
4/11/2024 21:04:00,1.0.0,1,34,Xiaomi Redmi Note 12S,CO,Comcel S.A. Occel S.A./Celcaribe,WIFI,,,DURATION_TRACE,_app_in_background,,19847034,,,,,,,,,,,
5/11/2024 3:25:44,1.0.0,1,34,Xiaomi Redmi Note 12S,CO,Comcel S.A. Occel S.A./Celcaribe,WIFI,,,DURATION_TRACE,_app_in_background,,4571189,,,,,,,,,,,
5/11/2024 4:11:48,1.0.0,1,34,Xiaomi Redmi Note 12S,CO,Comcel S.A. Occel S.A./Celcaribe,[MISSING],,,DURATION_TRACE,_app_in_background,,104410,,,,,,,,,,,
4/11/2024 21:07:44,1.0.0,1,34,Xiaomi Redmi Note 12S,CO,Comcel S.A. Occel S.A./Celcaribe,WIFI,,,DURATION_TRACE,_app_in_background,,148312618,,,,,,,,,,,
4/11/2024 20:57:00,1.0.0,1,34,Xiaomi Redmi Note 12S,CO,Comcel S.A. Occel S.A./Celcaribe,WIFI,,,DURATION_TRACE,_app_in_background,,43995858,,,,,,,,,,,
5/11/2024 0:26:59,1.0.0,1,34,Xiaomi Redmi Note 12S,CO,Comcel S.A. Occel S.A./Celcaribe,WIFI,,,DURATION_TRACE,_app_in_background,,1052734958,,,,,,,,,,,
4/11/2024 21:42:26,1.0.0,1,34,Xiaomi Redmi Note 12S,CO,Comcel S.A. Occel S.A./Celcaribe,WIFI,,,DURATION_TRACE,_app_in_background,,9781660,,,,,,,,,,,
4/11/2024 20:58:44,1.0.0,1,34,Xiaomi Redmi Note 12S,CO,Comcel S.A. Occel S.A./Celcaribe,WIFI,,,DURATION_TRACE,_app_in_background,,11108102,,,,,,,,,,,
5/11/2024 1:54:58,1.0.0,1,34,Xiaomi Redmi Note 12S,CO,Comcel S.A. Occel S.A./Celcaribe,WIFI,,,DURATION_TRACE,_app_in_background,,3809604,,,,,,,,,,,
4/11/2024 23:53:49,1.0.0,1,34,Xiaomi Redmi Note 12S,CO,Comcel S.A. Occel S.A./Celcaribe,LTE,,,DURATION_TRACE,_app_in_background,,8184477,,,,,,,,,,,
5/11/2024 0:45:32,1.0.0,1,34,Xiaomi Redmi Note 12S,CO,Comcel S.A. Occel S.A./Celcaribe,WIFI,,,DURATION_TRACE,_app_in_background,,12643451,,,,,,,,,,,
5/11/2024 4:31:32,1.0.0,1,34,Xiaomi Redmi Note 12S,CO,Comcel S.A. Occel S.A./Celcaribe,WIFI,,,DURATION_TRACE,_app_in_background,,225240,,,,,,,,,,,
5/11/2024 4:31:33,1.0.0,1,34,Xiaomi Redmi Note 12S,CO,Comcel S.A. Occel S.A./Celcaribe,WIFI,,,DURATION_TRACE,_app_in_background,,29804,,,,,,,,,,,
4/11/2024 21:51:28,1.0.0,1,34,Xiaomi Redmi Note 12S,CO,Comcel S.A. Occel S.A./Celcaribe,WIFI,,,DURATION_TRACE,_app_in_background,,2504763,,,,,,,,,,,
4/11/2024 23:59:16,1.0.0,1,34,Xiaomi Redmi Note 12S,CO,Comcel S.A. Occel S.A./Celcaribe,LTE,,,DURATION_TRACE,_app_in_background,,2068801,,,,,,,,,,,
5/11/2024 3:22:37,1.0.0,1,34,Xiaomi Redmi Note 12S,CO,Comcel S.A. Occel S.A./Celcaribe,WIFI,,,DURATION_TRACE,_app_in_background,,84665228,,,,,,,,,,,
4/11/2024 21:27:37,1.0.0,1,34,Xiaomi Redmi Note 12S,CO,Comcel S.A. Occel S.A./Celcaribe,WIFI,,,DURATION_TRACE,_app_in_background,,142886661,,,,,,,,,,,
5/11/2024 2:01:04,1.0.0,1,34,Xiaomi Redmi Note 12S,CO,Comcel S.A. Occel S.A./Celcaribe,WIFI,,,DURATION_TRACE,_app_in_background,,7859065,,,,,,,,,,,
4/11/2024 22:35:28,1.0.0,1,34,Xiaomi Redmi Note 12S,CO,Comcel S.A. Occel S.A./Celcaribe,WIFI,,,DURATION_TRACE,_app_in_background,,176740748,,,,,,,,,,,
5/11/2024 3:53:07,1.0.0,1,34,Xiaomi Redmi Note 12S,CO,Comcel S.A. Occel S.A./Celcaribe,WIFI,,,DURATION_TRACE,_app_in_background,,587694497,,,,,,,,,,,
5/11/2024 3:33:59,1.0.0,1,34,Xiaomi Redmi Note 12S,CO,Comcel S.A. Occel S.A./Celcaribe,WIFI,,,DURATION_TRACE,_app_in_background,,11518119,,,,,,,,,,,
5/11/2024 0:23:23,1.0.0,1,34,Xiaomi Redmi Note 12S,CO,Comcel S.A. Occel S.A./Celcaribe,WIFI,,,DURATION_TRACE,_app_in_background,,1764397,,,,,,,,,,,
4/11/2024 22:40:58,1.0.0,1,34,Xiaomi Redmi Note 12S,CO,Comcel S.A. Occel S.A./Celcaribe,WIFI,,,DURATION_TRACE,_app_in_background,,5128277,,,,,,,,,,,
4/11/2024 21:17:16,1.0.0,1,34,Xiaomi Redmi Note 12S,CO,Comcel S.A. Occel S.A./Celcaribe,WIFI,,,DURATION_TRACE,_app_in_background,,561121104,,,,,,,,,,,
4/11/2024 21:15:22,1.0.0,1,34,Xiaomi Redmi Note 12S,CO,Comcel S.A. Occel S.A./Celcaribe,WIFI,,,DURATION_TRACE,_app_in_background,,2320361,,,,,,,,,,,
5/11/2024 1:30:42,1.0.0,1,34,Xiaomi Redmi Note 12S,CO,Comcel S.A. Occel S.A./Celcaribe,WIFI,,,DURATION_TRACE,_app_in_background,,171012485,,,,,,,,,,,
4/11/2024 21:49:28,1.0.0,1,34,Xiaomi Redmi Note 12S,CO,Comcel S.A. Occel S.A./Celcaribe,WIFI,,,DURATION_TRACE,_app_in_background,,16546753,,,,,,,,,,,
4/11/2024 22:43:41,1.0.0,1,34,Xiaomi Redmi Note 12S,CO,Comcel S.A. Occel S.A./Celcaribe,WIFI,,,DURATION_TRACE,_app_in_foreground,,321424645,,,,,,,,,,,
5/11/2024 3:35:54,1.0.0,1,34,Xiaomi Redmi Note 12S,CO,Comcel S.A. Occel S.A./Celcaribe,WIFI,,,DURATION_TRACE,_app_in_foreground,,82334290,,,,,,,,,,,
5/11/2024 3:35:19,1.0.0,1,34,Xiaomi Redmi Note 12S,CO,Comcel S.A. Occel S.A./Celcaribe,WIFI,,,DURATION_TRACE,_app_in_foreground,,22733191,,,,,,,,,,,
5/11/2024 2:15:05,1.0.0,1,34,Xiaomi Redmi Note 12S,CO,Comcel S.A. Occel S.A./Celcaribe,WIFI,,,DURATION_TRACE,_app_in_foreground,,21463821,,,,,,,,,,,
5/11/2024 4:42:48,1.0.0,1,34,Xiaomi Redmi Note 12S,CO,Comcel S.A. Occel S.A./Celcaribe,WIFI,,,DURATION_TRACE,_app_in_foreground,,4892720,,,,,,,,,,,
4/11/2024 22:56:18,1.0.0,1,34,Xiaomi Redmi Note 12S,CO,Comcel S.A. Occel S.A./Celcaribe,WIFI,,,DURATION_TRACE,_app_in_foreground,,60302048,,,,,,,,,,,
4/11/2024 22:41:03,1.0.0,1,34,Xiaomi Redmi Note 12S,CO,Comcel S.A. Occel S.A./Celcaribe,WIFI,,,DURATION_TRACE,_app_in_foreground,,157052256,,,,,,,,,,,
4/11/2024 23:36:56,1.0.0,1,34,Xiaomi Redmi Note 12S,CO,Comcel S.A. Occel S.A./Celcaribe,WIFI,,,DURATION_TRACE,_app_in_foreground,,38260722,,,,,,,,,,,
5/11/2024 4:02:55,1.0.0,1,34,Xiaomi Redmi Note 12S,CO,Comcel S.A. Occel S.A./Celcaribe,WIFI,,,DURATION_TRACE,_app_in_foreground,,152786565,,,,,,,,,,,
5/11/2024 3:34:11,1.0.0,1,34,Xiaomi Redmi Note 12S,CO,Comcel S.A. Occel S.A./Celcaribe,WIFI,,,DURATION_TRACE,_app_in_foreground,,61324598,,,,,,,,,,,
5/11/2024 4:24:24,1.0.0,1,34,Xiaomi Redmi Note 12S,CO,Comcel S.A. Occel S.A./Celcaribe,[MISSING],,,DURATION_TRACE,_app_in_foreground,,341720605,,,,,,,,,,,
4/11/2024 23:44:14,1.0.0,1,34,Xiaomi Redmi Note 12S,CO,Comcel S.A. Occel S.A./Celcaribe,WIFI,,,DURATION_TRACE,_app_in_foreground,,140657635,,,,,,,,,,,
5/11/2024 2:01:12,1.0.0,1,34,Xiaomi Redmi Note 12S,CO,Comcel S.A. Occel S.A./Celcaribe,WIFI,,,DURATION_TRACE,_app_in_foreground,,251051727,,,,,,,,,,,
4/11/2024 21:26:37,1.0.0,1,34,Xiaomi Redmi Note 12S,CO,Comcel S.A. Occel S.A./Celcaribe,WIFI,,,DURATION_TRACE,_app_in_foreground,,60321139,,,,,,,,,,,
4/11/2024 22:28:52,1.0.0,1,34,Xiaomi Redmi Note 12S,CO,Comcel S.A. Occel S.A./Celcaribe,WIFI,,,DURATION_TRACE,_app_in_foreground,,138722809,,,,,,,,,,,
4/11/2024 21:15:24,1.0.0,1,34,Xiaomi Redmi Note 12S,CO,Comcel S.A. Occel S.A./Celcaribe,WIFI,,,DURATION_TRACE,_app_in_foreground,,111223505,,,,,,,,,,,
4/11/2024 20:47:48,1.0.0,1,34,Xiaomi Redmi Note 12S,CO,Comcel S.A. Occel S.A./Celcaribe,WIFI,,,DURATION_TRACE,_app_in_foreground,,69079372,,,,,,,,,,,
4/11/2024 20:31:02,1.0.0,1,34,Xiaomi Redmi Note 12S,CO,Comcel S.A. Occel S.A./Celcaribe,WIFI,,,DURATION_TRACE,_app_in_foreground,,3087474,,,,,,,,,,,
4/11/2024 22:57:22,1.0.0,1,34,Xiaomi Redmi Note 12S,CO,Comcel S.A. Occel S.A./Celcaribe,[MISSING],,,DURATION_TRACE,_app_in_foreground,,1130528087,,,,,,,,,,,
4/11/2024 21:03:45,1.0.0,1,34,Xiaomi Redmi Note 12S,CO,Comcel S.A. Occel S.A./Celcaribe,WIFI,,,DURATION_TRACE,_app_in_foreground,,15239672,,,,,,,,,,,
4/11/2024 20:19:56,1.0.0,1,34,Xiaomi Redmi Note 12S,CO,Comcel S.A. Occel S.A./Celcaribe,WIFI,,,DURATION_TRACE,_app_in_foreground,,340196629,,,,,,,,,,,
4/11/2024 20:31:07,1.0.0,1,34,Xiaomi Redmi Note 12S,CO,Comcel S.A. Occel S.A./Celcaribe,WIFI,,,DURATION_TRACE,_app_in_foreground,,59760826,,,,,,,,,,,
4/11/2024 22:49:28,1.0.0,1,34,Xiaomi Redmi Note 12S,CO,Comcel S.A. Occel S.A./Celcaribe,WIFI,,,DURATION_TRACE,_app_in_foreground,,406717933,,,,,,,,,,,
4/11/2024 20:56:00,1.0.0,1,34,Xiaomi Redmi Note 12S,CO,Comcel S.A. Occel S.A./Celcaribe,WIFI,,,DURATION_TRACE,_app_in_foreground,,60328088,,,,,,,,,,,
5/11/2024 1:29:42,1.0.0,1,34,Xiaomi Redmi Note 12S,CO,Comcel S.A. Occel S.A./Celcaribe,WIFI,,,DURATION_TRACE,_app_in_foreground,,60258361,,,,,,,,,,,